"build_time_min","deploy_time_min","commit_size_loc","num_bugs","test_coverage_pct","ticket_resolution_h","team","module","priority","deploy_status"
25.69,27.07,165,1,80.73,37.23,"Gamma","ui","alta","rolled_back"
8.43,26.39,124,1,80.81,11.25,"Gamma","auth","baja","success"
12.88,16.89,144,3,88.89,11.37,"Delta","database","baja","success"
5.29,15.01,139,0,69.1,4.27,"Gamma","analytics","media","failed"
11.68,18.68,154,1,69.14,4.26,"Gamma","auth","alta","success"
7.84,31.35,151,2,80.79,37.13,"Gamma","api","baja","failed"
33.55,52.4,154,4,79.05,25.24,"Gamma","database","baja","failed"
12.01,6.03,162,0,77.84,6.02,"Delta","database","baja","success"
5.39,16.75,135,1,90.69,22.69,"Beta","analytics","alta","success"
3.93,27.78,135,2,83.29,14.19,"Delta","ui","media","success"
25.06,24.53,164,1,91.95,12.91,"Gamma","api","baja","failed"
21.43,61.22,146,2,68.25,20.82,"Gamma","api","alta","success"
20.44,28.77,164,1,58.69,17.77,"Delta","api","media","success"
16.6,18.59,181,5,72.01,9.86,"Beta","database","baja","success"
21.3,40.37,164,3,87.87,15.63,"Gamma","ui","baja","success"
6.89,7.51,145,4,61.2,108.14,"Alpha","api","media","success"
10.19,13.43,145,3,72.78,3.94,"Gamma","auth","alta","success"
32.49,3.81,152,2,66.44,10.67,"Delta","analytics","baja","success"
29.84,4.93,166,3,73.8,21.73,"Beta","ui","baja","failed"
15.49,8.32,139,0,86.55,23.57,"Alpha","api","media","success"
15.01,20.99,136,1,64.13,98.45,"Gamma","analytics","alta","success"
9.58,23.09,131,3,72.77,3.24,"Beta","ui","baja","success"
2.45,31.06,141,4,74.03,1.41,"Beta","auth","media","failed"
6.12,18.39,162,1,66.49,77.61,"Delta","analytics","alta","success"
16.36,13.12,157,8,72.99,21.84,"Beta","api","alta","success"
18.69,7.39,125,4,80.16,10.66,"Alpha","api","media","success"
22.02,8.27,143,4,88.03,21.12,"Alpha","database","media","success"
8.15,48.05,163,1,94.7,61.41,"Alpha","auth","alta","rolled_back"
7.55,44.04,165,0,76.05,4.37,"Alpha","auth","baja","rolled_back"
7.07,7.99,157,2,81.43,49.1,"Beta","api","baja","success"
17.51,6.67,134,2,77.26,32.76,"Alpha","api","media","success"
10.12,9.47,141,1,76.99,45.6,"Beta","database","baja","success"
14.18,31.68,154,2,81.06,4.9,"Gamma","ui","baja","success"
9.81,7.47,160,2,64.79,1.95,"Delta","analytics","baja","success"
13.8,8.05,172,1,58.2,36.56,"Gamma","ui","alta","success"
4.15,3.29,147,2,53.34,1.98,"Gamma","auth","baja","success"
16.16,4.89,139,4,86.99,7.96,"Alpha","database","alta","success"
6.91,3.38,148,1,76.02,23.03,"Beta","analytics","crítica","failed"
17.93,37.55,139,2,66.56,2.42,"Delta","auth","baja","success"
12.8,8.23,139,2,85.25,0.01,"Beta","database","baja","success"
15.01,38.43,166,2,94.01,29.7,"Gamma","auth","baja","success"
7.08,9.75,154,1,59.26,3.88,"Beta","analytics","media","success"
28.06,7.82,142,2,71.08,23.89,"Alpha","auth","baja","failed"
18.1,28.2,145,2,78.51,10.27,"Alpha","database","alta","failed"
13.22,18.48,141,4,75.24,13.91,"Gamma","auth","crítica","success"
14.78,16.09,161,3,81.05,23.27,"Gamma","database","baja","success"
18.45,23.09,156,3,70.61,20.79,"Gamma","auth","crítica","success"
13.22,21.95,157,2,82.86,78.03,"Alpha","api","baja","success"
29.27,6.86,154,3,63.38,1.83,"Beta","ui","alta","success"
10.78,34.25,166,1,78.85,0.13,"Delta","analytics","baja","failed"
17.52,17.01,134,0,65.19,10.61,"Beta","auth","baja","failed"
26.01,37.12,155,1,90.95,5.08,"Gamma","database","baja","success"
7.41,22.85,129,0,71.66,6.17,"Gamma","api","media","rolled_back"
14.66,10.32,158,1,92.43,16.46,"Beta","analytics","baja","success"
27.56,9.08,125,1,79.01,2.46,"Gamma","api","baja","success"
14.14,43.72,141,3,68.78,22.65,"Alpha","api","baja","success"
4.78,6.32,142,1,88.85,0.39,"Gamma","api","alta","success"
5.61,2.99,136,1,86.79,23.93,"Alpha","database","media","rolled_back"
19.33,11.67,174,2,71.77,6.86,"Beta","auth","media","success"
20.68,6.99,161,1,60.93,8.43,"Gamma","database","baja","success"
28.3,7.32,159,3,88.68,9.21,"Gamma","auth","crítica","failed"
5.63,34.27,129,1,73.74,28.75,"Delta","ui","alta","failed"
19.31,20.58,146,2,71.97,33.18,"Beta","database","media","success"
16.44,16.78,157,3,77.5,2.34,"Alpha","database","baja","rolled_back"
6.48,11.48,156,1,82.57,47.84,"Beta","database","baja","success"
16.48,4.81,153,2,58.42,69.47,"Beta","auth","media","failed"
13.52,30.52,156,3,64.76,0.89,"Beta","auth","media","rolled_back"
6.67,43.46,169,1,80.51,5.17,"Alpha","analytics","baja","success"
11.56,31.85,149,4,67.27,5.44,"Delta","ui","media","success"
6.44,14.07,153,1,88.88,20.05,"Gamma","ui","baja","success"
10.84,22.87,154,3,64.77,15.5,"Gamma","ui","baja","success"
5.34,22.43,158,1,87.36,3.4,"Beta","api","baja","success"
19.84,20.02,152,2,85.34,18.11,"Delta","api","media","success"
25.93,4.41,128,3,77.63,24.63,"Beta","ui","media","success"
9.02,11.36,151,1,75.24,13.57,"Beta","analytics","baja","success"
18.32,14.49,144,4,88.07,1.03,"Alpha","analytics","media","success"
19.8,49.12,161,1,72.72,6.04,"Beta","ui","baja","failed"
8.47,27.78,146,0,63.06,8.2,"Alpha","database","crítica","success"
23.15,12.49,149,2,56.89,31.38,"Gamma","analytics","baja","success"
13.46,18.99,144,3,73.06,48.01,"Beta","api","baja","failed"
12.3,16.56,165,2,82.3,12.87,"Alpha","analytics","media","success"
30.38,11.74,143,0,75.24,8.18,"Gamma","auth","baja","success"
20.8,64.68,150,5,66.54,37.24,"Beta","api","media","success"
6.43,20.19,140,6,80.17,30.74,"Beta","auth","baja","success"
9.66,21.69,152,4,45.03,35.45,"Gamma","analytics","media","success"
1.39,15.64,159,1,62.91,15.93,"Gamma","api","crítica","success"
4.05,11.43,157,3,62.59,83.12,"Delta","analytics","baja","success"
10.98,6.48,137,2,96.78,4.64,"Gamma","auth","crítica","rolled_back"
3.58,8.89,141,1,88.97,2.78,"Alpha","analytics","baja","success"
12.15,44.09,145,4,79.96,16.24,"Gamma","api","baja","success"
12.49,20.8,127,1,87.22,13.95,"Beta","auth","baja","success"
6.49,7.53,160,2,82.15,13.55,"Delta","api","baja","success"
27.37,49.65,181,1,88.8,48.77,"Delta","api","media","success"
9.06,13.48,135,4,48.84,3.23,"Alpha","ui","media","rolled_back"
9.97,12.18,141,2,88.43,33.14,"Gamma","analytics","media","success"
6.47,5.85,152,2,99.96,4.34,"Alpha","database","baja","success"
34.04,5.55,129,3,86.43,5.85,"Gamma","ui","baja","success"
13.18,18.05,146,1,71.8,43.83,"Gamma","database","alta","success"
20.58,18.4,157,3,50.26,42.14,"Gamma","ui","media","success"
10.75,14.64,172,1,74.62,8.41,"Gamma","auth","baja","success"
9.82,12.03,148,1,73.79,15.02,"Alpha","auth","media","success"
29.42,15.44,140,3,75.58,4.01,"Beta","ui","alta","success"
20.27,17.08,136,2,72.46,12.83,"Delta","database","crítica","success"
11.34,37.71,130,2,52.46,44.28,"Gamma","ui","alta","success"
5.98,8.06,156,4,73.26,3.05,"Gamma","database","alta","success"
16.61,28.22,141,3,80.02,4.12,"Gamma","auth","media","success"
12.45,26.05,134,2,79.69,10.19,"Gamma","auth","alta","success"
15.79,34.33,152,0,69.23,33.25,"Alpha","ui","baja","success"
33.98,32.25,176,2,60.37,44.7,"Gamma","ui","crítica","success"
14.2,8.94,151,1,77.59,64.24,"Gamma","database","alta","success"
26.48,1.82,147,0,66.78,3.24,"Delta","analytics","baja","success"
8.47,14.31,146,2,74.03,27.71,"Gamma","database","media","success"
18.65,36.21,139,1,87.96,1.23,"Gamma","database","alta","success"
17.27,16.43,154,2,65,5.38,"Alpha","analytics","alta","success"
6.76,18.7,148,2,79.46,1.39,"Delta","auth","baja","success"
21.17,20.57,159,4,65.12,21.1,"Alpha","api","media","success"
11.91,20.51,150,2,90.25,6.22,"Beta","api","baja","success"
14.58,15.21,169,5,75.63,20.18,"Gamma","api","media","success"
4.36,9.22,162,2,72.34,17.29,"Beta","auth","baja","success"
4.04,25.01,146,0,53.79,15.96,"Alpha","api","baja","success"
15.9,12.03,144,2,72.49,12.47,"Delta","database","baja","success"
17.57,15.89,166,4,66.29,24.46,"Delta","analytics","baja","rolled_back"
30.97,15.02,155,5,83.6,30.81,"Gamma","ui","media","success"
13.54,2.97,159,5,75.46,73.89,"Alpha","api","crítica","success"
1.69,12.38,151,4,80.62,42.96,"Beta","ui","baja","success"
10.93,21.31,153,1,84.58,35.94,"Beta","api","alta","success"
34.08,18.98,151,2,62.84,4.87,"Alpha","database","baja","success"
30.81,16.36,166,3,60.19,84.83,"Alpha","analytics","baja","failed"
3.23,24.16,163,1,86.68,4.98,"Delta","analytics","baja","success"
33.79,27.98,157,4,68.51,29.83,"Delta","auth","crítica","success"
13.37,61.15,120,2,93.56,8.63,"Gamma","ui","media","success"
11.84,33.12,184,3,59.43,5.61,"Alpha","database","crítica","success"
12.78,18.06,167,2,91.58,22.86,"Alpha","analytics","baja","success"
13.42,7.25,175,3,100,13.57,"Delta","database","baja","success"
25.81,2.71,130,1,100,13.8,"Delta","api","baja","success"
5.48,74.46,150,2,88.81,1.47,"Delta","database","alta","success"
3.3,25.91,133,1,89.1,3.03,"Gamma","database","alta","success"
16.91,2.14,157,3,83.34,10.58,"Alpha","auth","alta","failed"
10.72,20.05,153,3,73.89,25.9,"Beta","database","baja","failed"
16.28,52.88,147,4,67.97,63.72,"Alpha","analytics","media","success"
21.85,18.21,139,2,63.08,7.4,"Delta","auth","media","success"
34.21,15.42,143,1,79.5,18.2,"Gamma","ui","alta","failed"
14.51,23.01,145,1,92.85,27.35,"Gamma","ui","media","success"
6.16,2.3,153,2,64.2,27.54,"Gamma","ui","media","success"
14.08,21.73,148,2,76.02,40.61,"Beta","auth","alta","success"
5.23,13.61,128,2,78.14,5.25,"Alpha","api","baja","success"
24.32,44.41,154,3,NA,27.26,"Delta","database","crítica","success"
3.97,16.99,139,3,72.04,33.35,"Beta","ui","baja","success"
12.19,20.69,125,6,71.58,20.57,"Delta","ui","baja","success"
12.29,8.53,155,2,53.96,16.92,"Delta","analytics","baja","success"
8.8,16.9,127,1,85.38,11.51,"Delta","database","alta","success"
5.34,19.89,172,3,91.49,6.88,"Beta","auth","baja","success"
20.45,9.73,140,1,81,1.38,"Delta","database","baja","success"
24.28,30.56,145,1,79.44,19.7,"Beta","api","alta","success"
5.57,28.13,151,4,75.23,2.32,"Beta","database","baja","failed"
5.66,29.11,136,1,56.1,63.43,"Alpha","api","alta","success"
8.8,25.5,150,5,94.77,0.6,"Delta","ui","baja","success"
5.75,30.37,130,2,66.64,23.26,"Gamma","analytics","crítica","success"
14.11,18.03,152,3,76.23,1.13,"Delta","analytics","baja","failed"
27.18,43.2,161,2,69.87,20.08,"Alpha","ui","media","success"
5.11,20.41,144,1,86.75,1.96,"Delta","ui","baja","success"
2.15,33.44,155,3,88.06,10.84,"Beta","ui","baja","success"
8.06,8.46,150,5,76.5,8.99,"Alpha","analytics","baja","success"
19.76,38.13,153,1,64.74,4.77,"Beta","ui","alta","success"
11.04,42.26,138,1,71.2,29.97,"Alpha","auth","alta","success"
13.13,8.97,138,2,65.41,43.45,"Gamma","analytics","baja","success"
7,20.1,143,1,82.01,1.02,"Beta","auth","baja","success"
12.86,25.84,177,0,71.16,36.09,"Delta","auth","baja","success"
13.78,30.83,134,2,69.95,1.26,"Beta","analytics","alta","success"
16.14,5.74,168,2,83.72,15.25,"Beta","auth","baja","success"
9.56,29.72,174,5,58.15,20.6,"Gamma","analytics","media","success"
6.72,9.36,156,1,86.93,13.64,"Gamma","ui","baja","failed"
4.61,11.22,155,3,85.77,20.86,"Alpha","ui","media","success"
8.26,15.18,135,2,60.35,5,"Delta","analytics","alta","success"
19.86,32.46,166,2,73.78,25.91,"Delta","ui","media","success"
53.07,24.76,170,4,100,25.18,"Beta","api","baja","success"
18.69,18.88,120,3,100,12.3,"Beta","ui","baja","success"
19.51,15.05,153,3,81.66,2.36,"Beta","ui","alta","success"
17.39,13.64,160,1,77.26,17.66,"Delta","api","media","success"
21.33,23.97,142,0,59.67,18.66,"Gamma","ui","baja","success"
42.25,5.56,146,2,74.15,6.64,"Beta","auth","media","success"
12.23,20.04,135,2,84.13,2.77,"Delta","database","crítica","success"
2.95,26.56,140,2,79.52,7.89,"Alpha","database","crítica","success"
8.37,18.71,147,1,66.52,8.29,"Beta","ui","alta","success"
12.81,12.91,135,6,77.04,25.59,"Delta","analytics","crítica","success"
18.99,10.98,168,1,76.41,23.51,"Delta","api","baja","success"
11.37,15.3,152,0,100,38.2,"Gamma","auth","media","success"
12.99,13.2,145,1,85.92,0.28,"Alpha","api","crítica","success"
9.67,51.52,146,3,62.6,1.6,"Beta","analytics","baja","success"
4.59,7.87,148,3,100,18.82,"Alpha","database","media","success"
9.15,11.29,129,1,96.6,NA,"Alpha","auth","baja","success"
7.22,19.53,140,3,78.75,9.66,"Beta","api","media","rolled_back"
16.92,15.59,151,1,64.2,30.59,"Beta","database","media","success"
11.08,9.55,172,1,64.88,1.4,"Beta","api","media","success"
9.43,14.47,146,2,67.12,14.19,"Beta","database","crítica","rolled_back"
7.58,20.21,146,2,80.27,17.36,"Delta","database","baja","rolled_back"
4.63,21.77,156,3,68.03,0.07,"Alpha","auth","media","rolled_back"
17.38,9.11,163,3,71.8,27.26,"Alpha","auth","baja","success"
4.83,2.78,144,2,71.55,4.21,"Beta","analytics","alta","success"
12.91,26.77,169,3,75.04,1.76,"Gamma","api","media","success"
12.5,44.01,157,0,68.72,5.44,"Gamma","api","baja","success"
26.25,28.56,149,1,75.8,8.12,"Alpha","api","baja","failed"
29.48,11.68,152,2,66.7,53.67,"Delta","analytics","media","success"
16.92,4.17,150,2,74.05,14.38,"Alpha","api","alta","success"
12.12,2.66,156,2,73.84,35.51,"Delta","api","media","success"
11.96,1.98,159,1,70.1,36.08,"Gamma","ui","alta","success"
24.75,28.9,124,1,63.31,7.2,"Delta","database","alta","success"
20.94,41.53,127,1,66.84,21.43,"Alpha","database","media","success"
18.9,41.44,156,5,82.54,13.16,"Alpha","api","baja","rolled_back"
11.02,3.43,143,0,77.88,50.02,"Gamma","ui","alta","success"
11.93,2.35,150,1,79.74,0.23,"Beta","auth","media","success"
10.47,12.91,154,0,82.11,72.34,"Alpha","database","alta","success"
7.16,26.03,137,0,67.34,10.7,"Beta","database","baja","success"
10.1,30.28,141,3,67.98,14.05,"Gamma","auth","baja","success"
18.36,27.6,151,0,75.56,11.82,"Gamma","analytics","alta","success"
9.3,22.97,123,3,59.99,11.52,"Alpha","database","alta","success"
5.05,18.2,162,1,57.03,26.05,"Beta","database","crítica","success"
14.77,10.42,143,2,63.93,1.33,"Beta","auth","alta","success"
23.32,10.44,138,1,73.68,4.69,"Alpha","auth","media","success"
2.74,20.78,144,3,92.54,1.99,"Alpha","auth","media","rolled_back"
28.38,26.33,159,1,91.2,7.26,"Alpha","api","crítica","success"
11.64,5.31,168,2,67.9,28.73,"Delta","ui","alta","success"
6.78,16.58,136,0,63.13,74.99,"Delta","analytics","baja","failed"
17.16,6.75,145,0,71.28,39.76,"Gamma","ui","alta","success"
8.66,9.1,148,2,81.81,15.64,"Beta","auth","baja","success"
23.65,11.09,151,4,78.39,9.25,"Alpha","analytics","baja","success"
10.31,27.37,133,2,74.46,19.54,"Delta","auth","alta","rolled_back"
17.65,5.76,137,2,71.79,9.12,"Delta","api","media","rolled_back"
8.66,53.82,154,6,86.8,0.21,"Alpha","auth","media","success"
6.69,7.17,158,3,77.22,36.55,"Beta","auth","media","success"
10.07,28.27,156,2,81.29,8.74,"Beta","api","baja","success"
9.98,28.59,142,2,87.87,38.12,"Gamma","database","baja","success"
14.62,49.08,131,2,57.09,14.66,"Delta","database","crítica","success"
29.94,5.6,165,0,84.59,2.24,"Gamma","analytics","media","success"
25.67,12.69,163,1,85.3,1.3,"Beta","auth","baja","success"
12.05,19.13,166,4,69.71,122.56,"Beta","database","alta","success"
15.41,19.13,153,7,70,4.55,"Alpha","auth","baja","success"
28.69,59.14,141,3,76.22,30.06,"Beta","auth","alta","success"
13.21,16.65,154,3,87.42,17.86,"Alpha","api","baja","success"
24.22,23.7,142,0,54.54,7.35,"Beta","ui","alta","success"
2.88,26.48,169,1,78.74,6.6,"Gamma","auth","alta","success"
10.15,4.45,151,0,85.04,17.75,"Delta","database","baja","failed"
10.41,2.39,142,2,80.71,15.28,"Alpha","ui","baja","success"
7.88,27.56,173,2,71.88,3.14,"Gamma","analytics","media","success"
30.6,12.66,144,4,81.24,53.49,"Gamma","api","alta","failed"
38.98,28.72,173,2,93.72,60.99,"Delta","ui","alta","success"
5.44,33.9,156,1,81.58,6.53,"Gamma","api","alta","failed"
16.5,13.69,170,0,97.76,3.47,"Gamma","ui","alta","success"
10.74,18.81,175,1,57.92,45.74,"Beta","analytics","alta","failed"
10.83,6.56,138,1,68.4,6.16,"Beta","ui","baja","success"
42.28,23.34,186,3,65.63,14.14,"Gamma","api","baja","rolled_back"
12.94,20.58,146,5,67.06,2.84,"Delta","database","baja","success"
12.89,8.43,140,3,83.26,3.84,"Delta","api","media","success"
8.35,6.06,151,2,88.72,34.7,"Beta","database","media","success"
26.12,21.43,158,1,97.27,3.14,"Gamma","api","baja","success"
14.93,7.66,147,2,85.97,14.45,"Gamma","analytics","alta","success"
14.96,16.77,158,0,90.1,128.87,"Gamma","auth","media","success"
3.87,10.45,177,0,60.87,7.28,"Alpha","ui","baja","success"
7.56,7.97,145,0,87.25,4.72,"Delta","database","alta","success"
2.76,25.61,165,0,67.65,32.52,"Gamma","analytics","baja","success"
7.27,27.94,140,2,70.14,6.78,"Alpha","ui","baja","failed"
3.09,14.71,146,6,78.35,0.77,"Gamma","auth","baja","success"
42.3,9.43,163,0,72.85,17.6,"Gamma","auth","crítica","failed"
5.36,19.8,139,2,55.17,28.94,"Gamma","database","media","success"
20.51,18.24,151,5,86.17,4.4,"Alpha","ui","alta","success"
12.92,9.51,135,2,76.31,1.58,"Gamma","database","media","success"
8.48,29.98,176,1,69.26,15.86,"Alpha","analytics","baja","failed"
2.36,55.75,157,0,83.46,13.91,"Delta","auth","alta","success"
11.23,2.65,148,2,67.33,24.75,"Delta","database","media","success"
16.39,6.07,149,3,69.15,46.85,"Gamma","database","crítica","failed"
6.9,51.76,151,1,77.74,0.53,"Beta","ui","media","success"
3.27,18.91,158,1,94.26,8.61,"Delta","analytics","baja","success"
9.42,22.38,160,2,75.17,7.2,"Delta","api","alta","success"
25.06,18.1,172,3,61,22.92,"Gamma","api","baja","success"
25.66,18,170,3,53.59,49.97,"Delta","ui","baja","rolled_back"
3.56,19.41,151,3,75.18,9.18,"Alpha","api","baja","success"
4.32,9.38,150,0,76.78,42.68,"Beta","database","baja","success"
0.99,44.07,143,1,94.71,1.7,"Gamma","analytics","media","success"
9.51,9.78,143,1,59.59,8.22,"Gamma","api","alta","success"
4.88,24.26,167,2,75.66,42.03,"Delta","ui","crítica","success"
28.57,10.62,170,1,68.78,4.9,"Beta","auth","crítica","failed"
18.78,24.01,147,2,67.46,9.12,"Beta","api","media","rolled_back"
46.94,3.1,148,2,88.56,1.66,"Beta","analytics","baja","success"
7,18.74,149,1,89.86,4.43,"Alpha","database","baja","success"
34.55,7.99,152,3,59.39,12.4,"Alpha","database","baja","success"
5.07,24.44,163,4,85.61,43.16,"Gamma","api","crítica","success"
5.4,39.22,168,0,62.91,2.08,"Beta","analytics","alta","success"
11.48,5.68,137,3,70.92,5.51,"Gamma","auth","alta","success"
24.99,48.63,143,1,80.34,49.61,"Beta","database","alta","success"
19.14,6.28,160,2,61.6,5.85,"Beta","database","media","success"
30.38,24.67,140,2,73.24,13.7,"Gamma","auth","alta","success"
12.78,70.71,133,3,69.46,22.84,"Beta","auth","alta","success"
9.55,10.6,141,5,81.55,7.44,"Gamma","api","baja","success"
10.76,34.37,156,1,72.12,29.71,"Alpha","api","baja","success"
10.82,6.01,173,3,61.54,16.46,"Alpha","database","baja","success"
10.36,21.92,159,1,61.97,3.74,"Beta","auth","media","success"
20.13,20.48,149,1,71.43,9.77,"Beta","api","media","success"
16.46,29.91,148,5,68.03,26.68,"Gamma","ui","crítica","success"
16.05,12.52,143,1,68.9,6.54,"Alpha","auth","alta","success"
20.63,2.73,137,0,89.27,8.52,"Alpha","auth","media","failed"
24.75,73.08,145,0,72.17,8.32,"Beta","analytics","baja","success"
6.55,14.6,136,2,67.4,6.33,"Beta","ui","baja","success"
10.65,35.12,168,1,90.99,52.29,"Beta","api","media","success"
14.07,19.81,148,3,53.38,16.69,"Alpha","auth","baja","success"
6.37,24.86,155,2,65.47,3.02,"Gamma","database","alta","success"
17.34,10.69,155,3,71.89,34.64,"Gamma","ui","baja","failed"
11.13,8.48,128,0,55.47,5.19,"Gamma","auth","baja","success"
19.84,29.03,158,0,NA,3.59,"Alpha","analytics","alta","success"
7.47,22.35,146,0,68.48,1.94,"Gamma","database","baja","success"
8.11,9.17,151,1,51.08,13.61,"Gamma","ui","crítica","failed"
4.36,22.4,140,1,62.96,1.71,"Alpha","auth","media","success"
4.87,67.91,160,3,49.41,7.37,"Gamma","auth","baja","failed"
40.69,11.71,140,1,84.68,12.47,"Alpha","database","baja","success"
12.48,4.98,156,3,65.99,23.75,"Alpha","auth","alta","success"
17.53,31.68,136,4,90.72,14.03,"Gamma","database","media","rolled_back"
20.47,22.89,159,3,89.5,26.9,"Beta","ui","baja","success"
13.83,1.98,156,2,100,14.33,"Beta","analytics","media","success"
6.62,29.4,132,0,84.52,65.11,"Delta","ui","crítica","success"
4.71,19.22,174,2,96.51,39.42,"Alpha","database","media","success"
8.68,32.07,149,4,69.28,1.49,"Delta","database","baja","success"
9.45,3.33,143,0,70.31,4.07,"Beta","ui","alta","success"
10.09,36.69,126,1,69.22,21.41,"Gamma","database","alta","success"
36.51,5.41,147,2,62.33,1.31,"Gamma","ui","media","success"
33.85,21.88,121,1,79.64,28.15,"Delta","auth","baja","success"
35.33,9.73,155,1,85.06,32.54,"Delta","database","media","failed"
4.03,14.92,171,1,82.37,3.33,"Alpha","ui","baja","failed"
10,7.89,151,1,72.82,13.73,"Delta","auth","baja","success"
6.69,7.26,124,0,55.55,11.51,"Beta","analytics","alta","success"
51.06,63.04,142,1,77.47,12.39,"Beta","database","media","success"
20.84,18.15,144,0,81.36,11.53,"Alpha","database","baja","success"
4.78,48.39,143,2,62.08,4.39,"Beta","analytics","baja","success"
20.91,24.85,153,2,64.43,43.7,"Gamma","analytics","baja","success"
13.06,9.04,167,3,NA,9.25,"Beta","api","crítica","failed"
8.45,23.48,160,1,76.48,2.93,"Gamma","api","baja","success"
5.2,30.68,132,1,83.42,15.11,"Delta","api","media","success"
16.87,25.01,145,2,91.26,8.24,"Gamma","database","baja","rolled_back"
7.62,5.54,185,3,90.15,8.07,"Gamma","api","alta","success"
13.82,29.06,161,2,54.85,2.02,"Beta","auth","media","failed"
11.99,5.06,176,4,73.72,2.6,"Beta","api","crítica","success"
16.42,12.02,148,1,81.38,12.83,"Gamma","auth","alta","success"
40.32,18.73,142,0,78.97,17.63,"Gamma","auth","alta","success"
8.05,22.1,145,2,93.66,75.54,"Alpha","analytics","alta","success"
4.06,20.03,136,1,61.81,49.84,"Gamma","auth","baja","success"
3.2,8.39,170,1,97.25,1.04,"Beta","ui","baja","success"
3.64,13.27,150,3,79.09,7.64,"Beta","ui","media","success"
20.4,5.3,177,1,94.94,15.13,"Delta","auth","crítica","success"
19.13,22.11,152,1,56.91,5.93,"Beta","analytics","baja","success"
14.99,7.16,154,1,78.1,5.01,"Delta","analytics","alta","success"
27.09,5.6,129,1,75.14,24.35,"Alpha","auth","baja","failed"
3.35,12.78,162,0,72.54,6.61,"Alpha","api","baja","failed"
19.79,9.25,147,2,71.49,39.25,"Delta","auth","media","success"
25.18,16.16,141,2,68.99,15.57,"Delta","auth","media","failed"
24.86,12.27,158,1,83.74,30.13,"Delta","auth","media","success"
9.61,28.02,158,3,71.06,11.4,"Gamma","database","baja","success"
13.13,32.64,161,1,50.83,11.21,"Alpha","database","baja","failed"
24.1,19.34,167,1,70.03,17.24,"Gamma","analytics","crítica","success"
35.21,11.5,148,1,83.66,27.43,"Beta","analytics","media","failed"
16.06,33.74,171,0,92.94,30.22,"Beta","api","media","success"
21.53,11.83,143,2,91,5.01,"Alpha","ui","media","success"
19.98,22.18,164,3,82.96,18.53,"Beta","analytics","crítica","success"
7.82,16.48,145,2,76.4,23.17,"Beta","database","baja","success"
34.22,1.65,146,4,79.55,8.33,"Alpha","api","alta","success"
10.25,18.56,134,0,64.57,13.88,"Gamma","api","crítica","success"
8.78,12.4,147,1,75.14,5.49,"Alpha","database","media","failed"
21.99,9.99,168,2,84.16,27.58,"Gamma","api","crítica","success"
15.79,18.16,145,2,61.49,36.9,"Delta","analytics","alta","failed"
8.94,10.89,138,0,76.27,53.15,"Gamma","auth","baja","success"
14.75,26.47,170,1,59.1,9.15,"Delta","auth","baja","success"
23.04,15.7,160,1,70.4,42.69,"Alpha","ui","media","success"
20.01,10.28,150,2,85.54,14.22,"Alpha","database","crítica","success"
7.86,33.92,155,4,79.06,19.64,"Alpha","analytics","media","success"
12.97,46.55,165,0,78.52,0.98,"Beta","analytics","alta","failed"
12.26,40.32,158,2,91.32,2.81,"Alpha","api","baja","failed"
21.67,10.33,135,2,71.67,22.73,"Beta","api","baja","success"
19.11,9.11,152,1,94.37,10.67,"Delta","api","baja","success"
8.04,11.99,120,2,96.09,1.23,"Delta","auth","baja","success"
19.99,5.82,149,2,73.47,1.71,"Alpha","analytics","baja","success"
18.54,7.1,144,2,60.01,9.82,"Beta","api","media","success"
18.46,6.82,164,2,51.75,3.29,"Gamma","api","baja","success"
24.39,6.11,158,2,73.53,1.27,"Gamma","database","baja","success"
19.65,16.68,180,2,71.68,0.83,"Beta","analytics","baja","success"
8.38,25.39,144,5,78.85,3.87,"Delta","database","baja","success"
15.88,3.18,158,0,81.81,3.07,"Gamma","analytics","crítica","success"
15.29,32.17,144,0,83.67,1,"Beta","auth","media","success"
13.05,20.15,144,3,74.9,5.22,"Gamma","ui","alta","failed"
8.13,22.97,158,2,83.91,8.45,"Delta","analytics","baja","success"
19.94,5.24,149,2,69.96,51.96,"Alpha","ui","media","success"
14.56,11.06,160,1,99.37,8.12,"Delta","analytics","media","success"
16.42,3.79,149,4,53.2,5.29,"Alpha","analytics","crítica","success"
20.07,18.31,166,1,79.36,4.16,"Beta","database","media","success"
12.17,12.21,160,0,81.13,51.93,"Beta","database","media","success"
24.33,19.04,161,0,69.5,12.45,"Gamma","analytics","crítica","failed"
23.2,3.57,178,3,89.7,6.17,"Beta","api","baja","success"
12.05,10.59,163,3,69.39,12.73,"Beta","analytics","baja","success"
8.16,5.63,177,1,82.62,25.16,"Beta","api","alta","success"
9.28,12.65,132,2,82.4,4.39,"Alpha","database","alta","success"
18.59,16.2,125,4,75.88,0.5,"Alpha","database","baja","success"
8.21,10.12,164,1,78.3,1.31,"Beta","ui","baja","success"
26.18,13.15,176,4,76.61,17.14,"Alpha","database","alta","failed"
18.89,13.79,160,2,63.48,14.42,"Beta","api","crítica","success"
21.52,7.66,167,2,55.4,10.07,"Alpha","auth","media","rolled_back"
11.01,12.05,148,3,82.92,20.97,"Gamma","database","baja","success"
22.46,9.88,139,2,68.16,2.87,"Alpha","analytics","alta","success"
14.22,24.99,160,3,57.99,40.52,"Delta","ui","crítica","success"
3.41,26.43,186,3,69.92,22.41,"Delta","ui","baja","failed"
12.8,3.43,150,0,72.83,8.97,"Gamma","auth","baja","success"
8.08,59.67,162,0,67.76,61.01,"Beta","database","baja","success"
11.16,1.78,151,2,64.71,10.01,"Gamma","analytics","baja","rolled_back"
9.01,8.95,140,2,76.89,63.83,"Alpha","database","baja","failed"
6.3,10.35,150,5,76.61,7.8,"Beta","api","media","success"
8.48,34.75,140,0,83.01,10.3,"Gamma","auth","baja","success"
4.65,8.47,161,1,77.16,28.69,"Gamma","api","alta","failed"
6.67,36.79,156,5,69.69,40.33,"Delta","api","media","success"
4.2,7.91,173,4,74.98,12.33,"Gamma","auth","baja","success"
11.25,92.74,167,2,77.23,30.84,"Delta","ui","baja","success"
23.79,4.27,146,4,77.53,50.36,"Beta","auth","media","failed"
9.03,43.12,161,3,78.23,54.29,"Gamma","analytics","media","success"
11.04,12.05,153,4,36.7,4.57,"Delta","analytics","media","failed"
9.83,17.77,142,0,83.22,26.64,"Delta","api","baja","success"
34.87,10.49,152,6,72.85,45.3,"Delta","ui","media","success"
23.09,11.42,131,2,72.88,62.04,"Gamma","auth","baja","success"
6.61,47.71,148,0,84.61,17.84,"Gamma","analytics","alta","success"
6.94,32.14,152,2,88.94,1.7,"Gamma","auth","media","success"
11.95,7.02,169,2,72.96,4.62,"Gamma","api","alta","success"
28.19,13.04,162,1,59.38,3.39,"Gamma","auth","media","success"
21.66,61.49,147,4,59.69,30.79,"Gamma","ui","alta","rolled_back"
11.65,10.44,155,1,70.61,25,"Alpha","auth","baja","success"
12.04,47.76,165,3,74.36,62.3,"Alpha","api","baja","success"
6.34,6.67,175,6,71.52,41.28,"Alpha","ui","media","success"
8.94,4.69,141,0,100,51.49,"Delta","api","baja","success"
20.31,6.39,144,1,83.78,11.51,"Gamma","database","baja","success"
16.36,13.5,140,0,62.31,19.95,"Beta","database","baja","rolled_back"
29.86,18.94,130,1,100,19.57,"Alpha","ui","baja","success"
9.13,15.06,137,0,60.25,1.54,"Alpha","database","alta","failed"
26.78,8.67,131,3,68.55,11.49,"Beta","database","media","success"
9.84,8.65,152,4,59.59,12.76,"Gamma","database","media","failed"
23.57,17.41,168,1,79.57,14.38,"Beta","api","alta","rolled_back"
22.78,27.35,148,1,71.66,5.94,"Gamma","database","media","success"
13.91,22.77,153,1,80.3,19.36,"Beta","analytics","alta","success"
10.43,19.99,155,2,70.43,18.61,"Delta","analytics","media","success"
7.6,27.06,166,2,74.76,35.21,"Gamma","api","baja","failed"
7.47,5.87,145,2,79.05,11.63,"Delta","database","alta","success"
12.47,13.52,157,4,55.66,17.43,"Alpha","database","baja","rolled_back"
15.2,5.79,134,1,77.04,5.86,"Beta","ui","media","success"
7.46,41.9,141,2,77.84,26.11,"Beta","analytics","crítica","rolled_back"
19.05,18.65,181,3,85.4,46.16,"Beta","database","alta","failed"
11.72,38.26,157,3,79.92,4.73,"Alpha","api","alta","success"
11.73,29.93,152,1,81.98,31.8,"Beta","api","baja","success"
12.61,0.88,160,2,78.82,15.53,"Delta","analytics","media","success"
6.3,10.36,161,4,87.01,53.3,"Alpha","ui","crítica","success"
12.84,14.16,136,3,83.18,1.42,"Beta","ui","alta","failed"
13.79,16.24,147,2,83.17,9.95,"Gamma","api","crítica","success"
29.38,36.98,152,5,69.29,63.35,"Beta","analytics","media","success"
14.07,21.61,131,3,96.05,50.19,"Alpha","ui","baja","success"
6.49,41.35,157,2,79.39,5.82,"Gamma","ui","baja","success"
10.42,79.36,161,1,91.17,13,"Alpha","auth","media","success"
17.78,22.26,111,3,63.35,46.21,"Delta","analytics","baja","success"
5.52,19.65,158,2,81.69,22.58,"Alpha","auth","media","success"
35.18,44.36,152,2,65.36,15.44,"Gamma","database","baja","success"
16.27,18.43,124,1,100,4.47,"Alpha","api","baja","success"
8.62,9.55,162,1,78.12,6.12,"Alpha","ui","crítica","failed"
19.08,6.14,157,2,79.24,1.32,"Alpha","database","crítica","success"
9.32,35.93,180,1,48.45,10.95,"Gamma","analytics","alta","rolled_back"
16.96,15.91,138,2,50.73,51.64,"Delta","database","baja","success"
33.18,57.69,143,2,76.05,12.79,"Gamma","analytics","media","success"
6.1,42.8,151,1,71.1,3.67,"Delta","auth","alta","success"
27.73,21,141,3,80.54,7.27,"Delta","database","alta","success"
6.01,11.1,142,4,81.81,12.06,"Alpha","analytics","baja","success"
21.48,30.78,143,2,83.08,10.2,"Gamma","auth","baja","success"
16.12,29.8,132,2,86.12,69.6,"Gamma","api","baja","success"
16.31,9.11,151,1,81.9,12.48,"Gamma","api","alta","success"
23.75,14.46,130,2,78.47,51.17,"Gamma","auth","alta","success"
11.91,13.72,135,2,85.06,33.3,"Beta","api","alta","success"
5.55,43.85,118,4,71.98,12.34,"Beta","analytics","baja","success"
13.69,11.16,137,0,82.86,30.59,"Gamma","analytics","alta","success"
45.9,37.32,167,3,81.7,10.93,"Gamma","auth","baja","success"
6.49,27.22,163,4,52.35,4.98,"Delta","analytics","baja","rolled_back"
4.81,3.68,150,2,77.57,24.75,"Alpha","auth","media","failed"
10.73,26.99,156,1,72.43,21.3,"Gamma","analytics","baja","rolled_back"
7.82,15.69,136,4,55.41,35.95,"Delta","database","media","success"
16.31,10.52,152,1,85.03,17.6,"Gamma","auth","crítica","rolled_back"
5.58,2.05,155,1,72.92,26.03,"Delta","auth","alta","failed"
14.64,21.17,144,4,71.43,11.78,"Alpha","ui","baja","success"
13.81,6.6,155,2,67.68,38.09,"Gamma","database","baja","success"
20.94,9.36,138,1,60.59,42.78,"Alpha","api","media","success"
12.03,3.07,137,1,81.03,18.44,"Delta","database","baja","failed"
12.4,6.37,161,3,86.25,10.28,"Beta","auth","crítica","failed"
41.21,52.41,150,2,88.48,4.97,"Gamma","database","alta","rolled_back"
21.63,51.68,144,0,82.85,7.47,"Alpha","analytics","baja","success"
9.18,59.65,148,2,76.98,17.54,"Alpha","api","baja","success"
19.34,0.86,170,1,81.44,20.68,"Alpha","database","alta","success"
16.14,7.28,134,4,81.64,4.5,"Gamma","ui","crítica","success"
28.44,8.38,165,2,89.92,22.22,"Gamma","analytics","baja","failed"
28.95,25.26,149,5,64.59,4.63,"Gamma","ui","media","success"
4.09,11.28,151,2,64.39,6.29,"Alpha","analytics","baja","success"
14.33,20.22,134,3,76.73,5.1,"Beta","ui","baja","success"
47.89,24.06,153,1,52.69,20.92,"Gamma","api","baja","success"
10.42,28.52,127,0,81.29,9.42,"Delta","api","media","success"
12.4,22.65,140,3,72.32,15.31,"Delta","ui","crítica","success"
16.59,16.37,167,2,100,8.81,"Beta","auth","alta","failed"
3.04,11.72,155,1,55.97,8.46,"Alpha","database","media","success"
15.38,23.36,135,2,84.7,13.03,"Alpha","analytics","baja","success"
18.64,6.07,145,1,89.31,6.1,"Beta","api","baja","success"
9.94,8.54,159,3,89.06,2.81,"Delta","api","baja","success"
18.27,20.55,141,3,73.87,23.93,"Beta","ui","baja","success"
10.01,3.55,143,2,79.75,27.58,"Beta","database","media","success"
4.59,23.2,149,0,65.41,29.9,"Gamma","database","alta","success"
32.89,17.44,148,1,68.62,3.98,"Alpha","ui","baja","success"
10.56,57.14,137,1,67.1,13.86,"Gamma","api","baja","success"
3.88,11.82,149,2,83.6,49.15,"Gamma","api","media","success"
10.08,56.93,136,3,100,9.97,"Delta","auth","media","failed"
22.72,37.3,153,0,79.2,5.28,"Delta","analytics","baja","failed"
4.31,34.76,154,1,82.46,39.01,"Beta","analytics","alta","success"
8.79,2.34,135,0,66.02,22.39,"Beta","api","media","success"
16.04,6.79,169,1,78.51,1.19,"Alpha","api","media","success"
7.31,16.02,164,3,78.21,6.89,"Beta","analytics","crítica","success"
14.15,20.24,143,3,94.92,25.88,"Beta","ui","baja","success"
12.4,24.6,153,6,57.37,19.78,"Delta","database","baja","success"
14.55,7.13,165,2,66.27,15.39,"Gamma","database","baja","success"
38.87,13.42,131,2,62.72,4.56,"Gamma","auth","crítica","success"
26.07,21.47,139,4,77.35,0.5,"Alpha","analytics","media","success"
11.03,7,165,3,54.86,35.45,"Alpha","auth","alta","success"
8.95,20.16,147,2,95.32,3.44,"Gamma","database","media","success"
16.81,18.88,147,4,78.67,20.74,"Beta","database","baja","success"
5.66,9.7,164,3,65.18,11.35,"Alpha","database","media","success"
18.71,31.2,149,2,87.53,30.65,"Delta","ui","baja","success"
18.07,19.07,180,0,67.88,3.6,"Delta","database","crítica","success"
39.94,5.28,140,7,82.29,33.95,"Alpha","api","baja","success"
13.62,74.3,143,4,70.28,41.78,"Gamma","ui","media","success"
13.51,27.05,149,1,83.04,57.5,"Delta","auth","baja","failed"
3.32,15.34,147,4,59.26,13.28,"Gamma","analytics","baja","success"
14.27,25.54,148,2,69.7,29.38,"Alpha","ui","media","success"
14.03,19.99,150,2,76.74,40.75,"Beta","analytics","alta","success"
24.43,9.97,151,4,74.06,38.29,"Alpha","auth","crítica","success"
16.98,11.92,160,2,81.32,11.96,"Alpha","analytics","crítica","success"
22.87,16.21,160,2,93.53,7.95,"Delta","analytics","baja","failed"
6.08,60.92,145,5,61.11,8.2,"Beta","api","baja","success"
7.78,0.48,155,4,52.64,22.68,"Delta","analytics","media","success"
14.74,6.15,142,1,69.21,1.22,"Gamma","auth","baja","success"
7.62,11.93,162,1,88.47,4.4,"Delta","database","alta","success"
16.98,23.49,153,1,91.65,37.54,"Alpha","ui","media","success"
32.45,20.31,150,2,78.06,6.61,"Alpha","analytics","crítica","success"
14.55,19.21,152,3,73.27,14.91,"Alpha","database","media","success"
19.11,21.06,164,3,68.03,15.41,"Alpha","ui","baja","success"
21.67,46.89,144,1,84.2,12.14,"Delta","api","baja","failed"
11.89,3.52,138,2,78.83,2.35,"Alpha","analytics","alta","success"
10.61,39.56,162,1,64.85,15.37,"Beta","analytics","alta","success"
24.4,23.58,152,2,82.54,3.55,"Beta","database","media","success"
15.25,8.7,154,3,95.89,36.39,"Gamma","api","baja","success"
24.8,4.44,151,1,100,19.59,"Delta","api","media","success"
12.48,14.95,170,1,72.37,5.13,"Gamma","ui","baja","failed"
8.16,14.17,161,3,80.63,21.12,"Beta","database","alta","success"
24.16,30.83,132,2,79.73,4.74,"Beta","auth","baja","success"
16.45,30.9,152,1,65.59,24.69,"Alpha","api","media","success"
13.96,15.17,142,2,55.99,33.91,"Alpha","auth","alta","success"
8.6,10.57,124,1,58.33,12.14,"Beta","auth","alta","success"
48.5,12.1,137,2,75.65,7.29,"Beta","ui","media","failed"
8.25,24.97,153,0,71.25,2.76,"Alpha","ui","crítica","success"
17.28,13.53,176,1,89.82,31.2,"Gamma","ui","baja","success"
14.84,30.65,171,0,89.45,11.26,"Beta","database","media","success"
1.95,24.36,154,3,46.82,48.81,"Delta","ui","crítica","success"
30.72,28.11,136,8,89.88,6.75,"Alpha","api","alta","success"
4.97,10.32,143,1,73.26,6.14,"Alpha","analytics","alta","success"
13.64,31.87,147,1,80.46,18.98,"Gamma","analytics","media","success"
36.84,24.27,125,1,77.48,10.57,"Alpha","ui","baja","success"
7.83,11.13,138,2,47.3,12.05,"Beta","database","baja","success"
23.89,19.47,147,3,84.81,3.41,"Gamma","ui","baja","success"
24.88,18.42,163,2,68.34,22.93,"Beta","database","media","success"
22.45,27.74,158,2,69,3.93,"Alpha","database","media","success"
21.03,11.63,144,3,86.68,41.95,"Alpha","ui","baja","success"
13.82,20.17,170,0,66.27,28.79,"Beta","auth","crítica","success"
6.46,5.24,161,0,81.57,0.03,"Alpha","api","crítica","success"
28.26,7.22,168,2,74.99,32.49,"Alpha","api","baja","rolled_back"
5.86,35.99,173,1,100,9.05,"Alpha","ui","alta","success"
29.62,10.64,160,0,93.54,3.58,"Delta","api","baja","success"
26.22,53.22,164,2,56.45,26.59,"Alpha","auth","media","success"
15.71,11.43,162,4,95.5,5.4,"Gamma","database","baja","success"
3.53,19.21,172,1,87.76,16.94,"Delta","analytics","baja","success"
2.92,4.43,154,1,73.94,48.47,"Alpha","ui","alta","success"
7.3,36.59,159,1,72.45,41.01,"Beta","ui","media","rolled_back"
55.4,45.27,132,2,54.21,2.18,"Delta","api","baja","failed"
20.79,5.97,156,2,84.11,15.27,"Delta","auth","baja","rolled_back"
22.16,5.45,138,1,80.96,35.65,"Beta","database","crítica","success"
19.27,16.53,148,3,69.21,14.49,"Alpha","auth","baja","success"
8.18,16.57,169,2,75.68,27.06,"Alpha","ui","media","success"
7.95,27.03,145,5,59.89,4.62,"Beta","api","baja","success"
22.23,3.41,155,0,69.11,3.71,"Delta","database","baja","success"
17.53,16.29,142,1,82.27,53.62,"Delta","auth","baja","success"
5.92,1.63,148,2,76.45,14.85,"Gamma","database","baja","success"
8.05,25.85,135,1,74.82,6.78,"Delta","api","alta","success"
9.31,6.69,149,3,95.1,0.43,"Gamma","auth","crítica","success"
11.31,33.89,142,2,100,9.26,"Gamma","api","media","success"
21.35,31.89,146,3,83.2,23.9,"Delta","auth","media","success"
15.66,15.67,159,1,68.85,2.86,"Alpha","analytics","media","success"
5.87,21.67,147,2,60.38,18.85,"Alpha","auth","baja","success"
5.05,23.87,139,0,67.64,NA,"Delta","database","alta","rolled_back"
11.82,17.31,165,3,68.87,5.7,"Alpha","api","baja","success"
18.62,2.51,153,2,66.14,25.13,"Gamma","analytics","media","success"
19.27,14.91,150,4,100,23.02,"Delta","database","alta","success"
5.92,12.81,142,3,87.53,21.35,"Gamma","analytics","crítica","success"
15.76,45.09,165,3,85.34,38.87,"Alpha","analytics","alta","success"
6.71,32.92,155,2,79.39,12.83,"Gamma","database","media","failed"
15.96,25.9,145,2,68.32,31.06,"Alpha","auth","media","success"
16.18,22.23,142,3,77.16,4.43,"Alpha","database","alta","failed"
14.1,6.62,132,1,82.13,9.77,"Alpha","ui","media","success"
5.67,3.84,158,1,70.11,9.72,"Delta","auth","media","success"
14.66,9.21,138,2,73.51,29.44,"Beta","analytics","media","success"
13.05,7.33,162,2,70.11,11.74,"Delta","auth","crítica","success"
8.67,21.29,144,0,85.92,3.09,"Gamma","database","baja","success"
16.92,8.8,144,2,71.66,5.48,"Beta","database","baja","success"
14,8.19,136,1,67.16,1.32,"Gamma","api","baja","success"
12.45,11.55,169,4,74.08,1.65,"Delta","database","crítica","success"
6.71,29.38,161,0,62.15,14.01,"Gamma","auth","alta","failed"
7.55,4.52,141,7,60.12,33.36,"Beta","api","baja","rolled_back"
61.98,19.92,152,5,57.93,3.77,"Beta","ui","crítica","success"
8.66,11.18,153,2,49.19,0.27,"Beta","api","crítica","success"
16.14,19.81,130,1,68.38,1.25,"Gamma","api","crítica","success"
17.3,53.74,150,0,68.9,28.91,"Beta","database","baja","success"
16.73,31.03,131,2,70.82,11.7,"Gamma","auth","baja","failed"
29.09,20.25,156,2,95.97,40.66,"Alpha","ui","baja","success"
5.55,5.76,161,1,66.08,61.67,"Alpha","ui","media","success"
12.1,5.69,130,3,80.57,0.97,"Delta","api","crítica","success"
11.99,19.01,143,2,80.89,NA,"Beta","auth","alta","success"
25.81,11,157,2,70.21,0.65,"Delta","api","baja","success"
8.78,16.01,147,4,86.53,5.94,"Delta","analytics","media","success"
10.15,26.7,175,4,62.47,15.77,"Beta","analytics","alta","success"
20.16,14.26,159,1,67.77,6.93,"Beta","api","media","success"
17.35,31.19,133,3,51.8,3.09,"Beta","database","baja","rolled_back"
24.4,14.19,150,0,91.02,3.09,"Beta","auth","crítica","success"
5.3,11.71,143,1,41.68,18.58,"Gamma","api","crítica","success"
14.68,23.4,135,3,73.46,1.88,"Delta","database","alta","success"
7.04,17.82,153,1,78.18,1.55,"Delta","api","alta","failed"
24.98,35.12,149,4,80.71,2.37,"Gamma","auth","crítica","success"
6.75,48.95,149,3,83.67,11.72,"Delta","database","media","success"
11.29,2.65,140,1,69.56,22.96,"Beta","analytics","media","success"
17.21,12.71,147,1,74.39,1.26,"Alpha","auth","alta","success"
3.98,8.1,171,1,79.02,4.09,"Delta","ui","baja","success"
16.1,13.26,141,2,63.69,83.29,"Delta","api","media","success"
10.35,14.17,163,1,56.46,14.14,"Beta","api","crítica","success"
12.06,5.95,165,0,79.72,16.04,"Delta","analytics","baja","failed"
13.74,43.69,131,2,90.23,25.23,"Alpha","ui","baja","rolled_back"
6.68,3.85,165,2,71.22,13.03,"Alpha","auth","alta","success"
15.08,21.51,131,2,74.71,12.94,"Alpha","auth","baja","success"
29.23,20.54,177,2,80.93,23.18,"Gamma","auth","baja","success"
4.25,16.31,151,3,88.2,24.63,"Alpha","ui","alta","success"
21.02,6.34,163,2,93.28,36.64,"Delta","auth","media","success"
19.29,57.07,158,2,86.15,15.29,"Beta","api","media","success"
7.28,38.77,162,4,68.04,9.58,"Beta","analytics","baja","success"
15.62,7.45,152,2,76.59,22.83,"Beta","auth","baja","success"
24.5,13.69,168,4,73.34,12.8,"Alpha","analytics","baja","success"
15.2,25.12,149,1,92.33,4.07,"Delta","auth","crítica","success"
11.43,20.48,149,2,57.1,31.46,"Gamma","api","media","failed"
12.49,12.67,145,2,82.91,30.35,"Delta","ui","media","success"
5.83,13.07,142,1,78.27,6.2,"Beta","analytics","alta","success"
16.46,16.55,139,1,79.89,4.38,"Delta","analytics","baja","success"
35.24,19.28,162,1,79.04,19.6,"Beta","ui","media","success"
5.11,15.86,134,4,68.91,29.99,"Alpha","analytics","baja","success"
16.06,27.26,139,2,73.41,22.52,"Gamma","analytics","alta","success"
29.34,7.29,154,0,75.56,31.62,"Gamma","auth","baja","success"
14.26,24.01,146,3,63.33,30.46,"Gamma","analytics","crítica","success"
25.48,48.19,135,1,79.04,30.84,"Delta","database","media","success"
34.16,20.01,142,3,78.05,42.99,"Delta","analytics","media","failed"
13.76,39.77,161,2,77.93,27.63,"Delta","auth","baja","success"
27.16,31.38,147,3,75.21,38.33,"Alpha","auth","alta","success"
15.24,18.22,153,1,74.31,0.12,"Gamma","api","baja","failed"
16.58,20.41,162,3,62.6,1.24,"Delta","database","baja","failed"
2.23,20.12,164,2,77.36,76.38,"Beta","api","baja","success"
7.01,23.17,148,1,66.69,0.47,"Alpha","api","baja","success"
1.64,33.93,167,4,78.65,4.91,"Alpha","api","alta","success"
14.43,19.78,138,0,78.57,6.86,"Beta","ui","baja","failed"
17.61,23.09,144,3,76.09,66.82,"Gamma","api","baja","success"
3.83,10.34,140,1,81.24,12.53,"Gamma","database","alta","success"
17.32,4.56,162,1,57.3,6.96,"Beta","ui","baja","success"
33.13,17.28,139,4,61.82,11.88,"Beta","ui","media","success"
28.58,6.83,167,4,67.84,3.91,"Delta","auth","baja","success"
14.02,14.44,155,2,54.77,8.32,"Delta","database","baja","success"
11.41,61.01,145,0,63.13,9.55,"Gamma","auth","baja","success"
6.36,14.28,153,0,40.64,22.34,"Beta","database","baja","success"
6.52,19.59,125,5,89.8,2.42,"Delta","auth","baja","failed"
10.85,3.76,144,2,99.7,8.79,"Alpha","api","baja","success"
11.56,12.77,146,3,98.87,59.54,"Delta","ui","crítica","success"
18.39,4.5,151,3,74.41,45.64,"Delta","auth","baja","success"
41.99,9.84,139,4,56.75,54.27,"Gamma","database","alta","success"
13.85,11.07,143,2,69.39,3.06,"Gamma","database","baja","success"
32.1,5.9,150,1,90.25,5.18,"Beta","analytics","baja","success"
14.59,15.73,144,3,86.37,0.9,"Beta","api","baja","success"
31.58,9.23,140,2,75.24,25.68,"Alpha","ui","media","success"
16.61,30.21,154,1,76.37,1.09,"Gamma","database","media","success"
12.61,13.75,149,2,90.64,5.32,"Alpha","analytics","alta","success"
13.97,5.56,132,4,69.13,27.15,"Delta","database","baja","success"
10.33,20.48,144,0,66.52,12.63,"Beta","database","crítica","success"
2.36,7.53,151,2,92.58,13.32,"Alpha","auth","alta","success"
16.3,6.12,169,1,49.76,13.35,"Delta","ui","baja","failed"
31.12,12.71,125,3,58.49,11.07,"Delta","analytics","media","rolled_back"
5.25,24.38,135,2,74.51,0.1,"Beta","database","baja","success"
15.62,14.66,146,2,73.93,9.35,"Gamma","api","baja","success"
11.69,15.71,167,2,67.89,5.12,"Beta","auth","media","success"
10.41,22.86,153,4,71.63,10.49,"Beta","analytics","crítica","success"
6.74,15.08,143,2,60.38,2.17,"Delta","database","baja","success"
3.3,12.43,140,1,84.17,3.2,"Beta","api","baja","success"
11.16,12.9,151,3,60.49,77.14,"Gamma","analytics","media","success"
10.07,40.56,129,0,93.38,17.21,"Beta","api","media","success"
2.03,13.51,153,3,89.15,42.61,"Gamma","auth","alta","success"
19.1,21.08,157,2,69.14,9.31,"Gamma","analytics","media","success"
19.52,28.58,151,0,48.9,16.23,"Beta","auth","media","failed"
19.34,12.9,138,3,76.18,0.37,"Alpha","ui","media","failed"
14.14,22.61,136,4,79.42,9.61,"Gamma","analytics","media","success"
26.8,16.85,155,2,73.68,2.7,"Alpha","auth","media","success"
6.53,18.18,145,2,90.89,54.27,"Delta","api","alta","success"
15.18,19.99,134,4,76.25,4.54,"Gamma","auth","baja","success"
22.82,27.74,157,4,50.42,9.1,"Alpha","analytics","alta","failed"
21.89,20,170,3,51.59,11.42,"Beta","api","baja","failed"
5.26,17.84,159,1,81.56,43.61,"Alpha","database","alta","rolled_back"
15.19,3.42,145,0,73.32,13.74,"Gamma","api","media","success"
15.68,13.96,164,2,58.29,8.67,"Delta","auth","crítica","success"
20.39,17.48,136,3,81,12.17,"Beta","auth","alta","success"
20.97,11.73,162,1,66.94,7.39,"Alpha","auth","alta","success"
0.67,8.17,153,1,80.12,29.45,"Beta","analytics","media","success"
18.86,11.5,145,1,97.45,18.22,"Gamma","ui","alta","success"
21.44,30.43,156,3,80.81,10,"Gamma","database","media","success"
8.9,3.12,144,2,69.34,0.31,"Delta","analytics","media","success"
20.68,9.41,165,2,80.96,14.02,"Delta","analytics","media","success"
15.23,23.99,152,1,58.01,8.8,"Beta","auth","media","success"
22.48,7.25,182,2,96.08,9.3,"Delta","auth","crítica","success"
12.03,25.14,140,1,67.49,33.09,"Gamma","api","baja","success"
32.52,13.48,134,3,89.06,0.13,"Alpha","analytics","media","success"
13.2,35.58,117,2,71.19,21.45,"Gamma","api","alta","success"
8.35,44.47,161,2,NA,7.49,"Delta","analytics","baja","success"
15.73,2.27,123,2,85.7,15.73,"Beta","ui","baja","success"
16.21,20.42,161,3,72.68,76.5,"Alpha","auth","baja","success"
17.3,55.53,151,4,62.19,32.76,"Gamma","auth","baja","failed"
10.41,9.69,143,1,79.48,3.77,"Gamma","auth","media","success"
10.84,25.16,145,3,67.82,12.7,"Gamma","ui","baja","success"
6.94,5.25,145,3,79.8,10.88,"Gamma","analytics","media","failed"
11.11,20.27,159,1,92.9,5.73,"Alpha","api","baja","success"
15.92,1.54,137,3,92.36,4.33,"Alpha","ui","alta","success"
18.07,12.93,151,1,91.01,2.76,"Gamma","ui","crítica","success"
3.42,23.74,148,1,55,6,"Alpha","api","baja","success"
11.62,5.97,172,0,64.04,16.86,"Beta","api","alta","success"
25.18,21.02,153,1,80.43,22.95,"Delta","ui","baja","rolled_back"
11.62,15.81,161,1,74.17,30.45,"Gamma","auth","media","success"
19.27,8.34,165,0,79.8,3.89,"Gamma","auth","baja","success"
22.32,26.89,151,1,58.34,4.79,"Beta","analytics","alta","success"
5.57,18.81,157,3,73.32,6.72,"Gamma","ui","baja","success"
8.84,28.1,143,2,80.58,38.63,"Beta","auth","media","success"
21.63,18.28,160,3,84.83,88.93,"Gamma","ui","baja","success"
9.12,27.1,150,2,76.42,0.13,"Delta","analytics","media","failed"
8.59,13.18,165,4,82.82,15.69,"Alpha","auth","baja","success"
4.66,70.14,153,1,63.4,45.98,"Gamma","ui","baja","success"
22.2,12.29,142,3,83.69,3.94,"Alpha","ui","crítica","failed"
28.33,34.85,155,5,73.82,8.01,"Alpha","database","media","success"
10.5,1.18,157,1,82.89,57.1,"Delta","analytics","media","success"
18.75,18.78,143,2,81.22,5.92,"Gamma","auth","alta","success"
27.15,13.23,166,3,85.39,2.23,"Delta","ui","baja","success"
10.8,9.31,155,8,67.95,45.88,"Beta","database","media","rolled_back"
9.42,13.36,176,2,78.13,6.17,"Beta","auth","media","rolled_back"
24.53,32.16,154,2,80.04,7.17,"Gamma","ui","media","success"
20.38,10,179,1,96.81,30.71,"Delta","ui","baja","success"
10.19,4.41,150,1,70.06,0.3,"Beta","database","baja","success"
10.57,9.36,136,0,69.81,6.13,"Delta","database","media","rolled_back"
6.87,21.94,159,3,70.13,34.74,"Alpha","api","alta","success"
8.11,12.05,158,2,64.61,8.6,"Beta","ui","media","success"
14.72,19.29,145,2,63.66,4.38,"Gamma","database","crítica","success"
13.71,9.86,142,0,75.11,7.65,"Beta","ui","baja","success"
11.67,20.62,156,1,58.5,46.98,"Beta","auth","media","success"
10.81,14.83,156,2,61.72,36.53,"Gamma","ui","baja","failed"
14.69,13.47,152,3,81.98,40.16,"Alpha","ui","baja","success"
33.7,9.94,149,2,89.99,1.95,"Delta","ui","alta","success"
47.14,5.21,131,2,NA,61.29,"Beta","ui","media","success"
19.6,17.92,148,0,89.58,1.09,"Delta","api","baja","success"
12.83,9.66,163,2,80.01,21.35,"Delta","auth","baja","failed"
6.87,1.35,153,7,70.16,10.88,"Delta","analytics","media","success"
15.78,36.65,149,2,85.44,45.87,"Alpha","analytics","baja","success"
17.57,14.49,133,3,57.89,3.54,"Delta","analytics","baja","success"
10.34,30.9,165,2,91.8,26.74,"Delta","ui","baja","success"
33.32,2.76,171,4,63.85,1,"Delta","auth","baja","failed"
5.17,12.11,143,1,68.28,25.17,"Gamma","api","baja","success"
5.55,12.59,161,1,65.69,90.94,"Gamma","analytics","crítica","success"
26.97,48.22,163,1,65.23,10.93,"Delta","api","media","failed"
6.72,27.93,152,2,63.45,33.34,"Delta","analytics","baja","success"
15.35,33.62,153,2,67.87,17.85,"Alpha","database","baja","success"
24.02,0.78,122,3,67.48,2.19,"Alpha","api","baja","success"
25.3,15.2,158,3,93.23,49.07,"Gamma","analytics","baja","success"
18.65,14.36,158,6,69.37,7.79,"Alpha","analytics","baja","failed"
24.25,24.2,142,1,77.87,19.12,"Beta","analytics","media","failed"
19.18,6.34,154,3,84.29,30.81,"Gamma","database","baja","success"
10.79,2.76,141,3,NA,9.11,"Alpha","database","baja","success"
30.22,16.33,143,1,82.47,1.79,"Gamma","database","baja","success"
1.97,33.7,138,2,89.43,8.56,"Alpha","auth","alta","success"
8.05,30.64,149,1,69.57,18.83,"Gamma","ui","baja","success"
3.99,3.06,132,4,57.27,21.25,"Delta","ui","baja","success"
30.02,13.75,173,1,82.79,1.06,"Gamma","api","alta","success"
38.68,32.27,151,2,66.03,31.68,"Beta","analytics","alta","success"
19.41,5.16,145,4,85.4,45.38,"Beta","ui","baja","success"
10.14,41.53,159,2,90.65,1.82,"Alpha","ui","baja","success"
2.86,12.43,168,1,50.78,90.97,"Delta","auth","alta","success"
20.74,4.08,155,1,85.74,16.16,"Alpha","ui","alta","success"
41.51,34.65,148,0,70.4,11.22,"Beta","api","media","success"
21.27,22.53,158,1,83.29,36.27,"Alpha","auth","baja","success"
26.09,3.29,139,2,66.95,42.52,"Beta","ui","media","success"
19.71,5.93,150,1,74.31,2.64,"Gamma","api","media","success"
5.13,24.7,140,3,78.51,3.75,"Alpha","api","media","success"
18.68,16.71,153,4,76.7,12.12,"Beta","ui","media","success"
8.19,15.02,177,2,98.18,34.55,"Gamma","database","baja","success"
23.02,0.76,137,1,66.25,5.41,"Delta","database","crítica","success"
16.97,15.89,132,4,71.46,2.56,"Beta","database","baja","failed"
18.86,40.04,147,4,74.78,20.21,"Beta","analytics","alta","success"
4.88,15.3,133,1,67.16,23.53,"Delta","auth","baja","success"
9.7,11.09,138,1,87.28,29.87,"Delta","database","alta","success"
11.33,26.48,154,5,93.11,24.95,"Beta","auth","baja","success"
19.78,32.49,159,2,80.4,3.14,"Delta","database","baja","success"
9.35,26.85,151,2,79.84,1.06,"Gamma","database","media","success"
16.84,4.22,149,4,73.98,52.06,"Gamma","auth","baja","failed"
9.9,4.15,148,3,81.29,5.17,"Beta","auth","baja","success"
8.92,20.13,113,0,71.39,2.15,"Gamma","api","baja","success"
17.66,27.7,155,2,78.66,10.42,"Alpha","database","alta","success"
11.29,37.78,147,0,61.17,26.04,"Gamma","ui","media","success"
12.02,53.36,176,4,59.33,12.55,"Beta","analytics","crítica","success"
11.59,10.16,168,0,56.68,6.78,"Delta","auth","media","success"
3.42,16,165,3,63.42,3.05,"Beta","analytics","alta","success"
27.73,19.73,152,2,95.6,97.99,"Beta","ui","media","rolled_back"
5.52,10.51,149,2,57.72,2.77,"Alpha","database","media","success"
7.77,14.14,132,1,87.33,0.14,"Alpha","ui","baja","success"
28.65,6.21,136,6,58.97,6.08,"Beta","analytics","baja","success"
22.63,10.14,140,1,65.15,15.9,"Delta","auth","crítica","success"
23.58,18.63,146,1,63.72,6.27,"Gamma","api","baja","failed"
15.43,8.29,161,3,75.37,1.65,"Beta","analytics","baja","success"
10.75,18.16,135,2,86.97,27.07,"Delta","auth","baja","success"
12.62,33.22,154,3,59.88,2.09,"Alpha","analytics","media","success"
3.05,43.12,173,0,56.42,7.59,"Gamma","analytics","alta","failed"
5.68,45.9,163,1,66.5,1.13,"Gamma","database","baja","success"
10.74,66.75,152,1,73.95,10.92,"Alpha","api","baja","success"
15.71,9.77,153,2,56.54,29.45,"Delta","analytics","alta","success"
12.55,0.96,120,1,49.92,5.98,"Gamma","api","alta","success"
9.88,7.02,153,1,79.01,6.63,"Gamma","analytics","baja","failed"
23.25,22.38,153,2,63.8,25.72,"Gamma","auth","baja","failed"
12.21,11.61,164,4,65.81,11.75,"Beta","ui","baja","failed"
7.08,40.16,145,0,68.62,9.72,"Alpha","ui","baja","failed"
21.57,17.99,144,5,73.3,32.07,"Alpha","database","alta","success"
7.57,16.89,136,1,82.57,22.58,"Delta","database","baja","success"
8.56,25.98,153,3,54.45,5.82,"Beta","auth","media","rolled_back"
15.4,31.64,154,2,78.68,19.87,"Delta","analytics","baja","success"
19.41,20.31,151,0,49.68,9.71,"Alpha","database","baja","success"
19.24,15.34,150,0,74.49,30.47,"Delta","database","media","success"
2.55,28.01,162,4,91.68,49.56,"Gamma","api","media","success"
20.99,41.75,149,6,77.71,23.14,"Beta","ui","media","success"
20.76,8.92,135,1,77.4,0.75,"Alpha","ui","media","success"
7.27,48.16,148,1,79.12,3.91,"Delta","ui","baja","success"
11.51,4.73,133,0,70.6,2.44,"Beta","analytics","baja","failed"
13.32,10.71,131,2,98.76,19.23,"Delta","analytics","alta","success"
23.71,9.24,138,1,76.01,10.02,"Beta","ui","baja","success"
5.05,18.7,162,1,84.37,36.58,"Gamma","auth","crítica","success"
3.54,13.74,152,0,81.27,10,"Alpha","analytics","baja","success"
15.13,5.32,145,3,90.75,26.8,"Alpha","database","media","failed"
12.97,5.84,153,4,71.41,27.89,"Delta","auth","alta","success"
22.53,15.22,148,2,71.08,6.18,"Beta","analytics","baja","success"
8.51,16.3,152,5,65.71,13.22,"Beta","database","baja","success"
22.54,24.59,151,0,79.86,41.98,"Alpha","api","baja","success"
11.11,19.28,139,1,67.19,10.55,"Beta","ui","baja","success"
13.99,4.26,153,1,51.07,1.51,"Gamma","ui","baja","success"
21.37,17.63,133,1,64.18,3.49,"Gamma","database","media","success"
13.38,12.36,139,1,77.01,10.51,"Alpha","analytics","media","success"
2.78,5.63,133,4,60.81,0.27,"Beta","auth","crítica","success"
7.53,47.06,128,4,54.73,5.5,"Alpha","ui","baja","success"
0.56,33.91,146,2,68.74,1.48,"Gamma","api","alta","success"
13.25,8.86,161,3,86.98,3.75,"Alpha","ui","crítica","failed"
9.9,23.81,165,4,93.68,24.85,"Gamma","auth","baja","success"
8.42,12.98,148,2,62.81,0.12,"Beta","ui","alta","success"
10.36,9.67,135,1,80.21,19.68,"Alpha","analytics","baja","success"
12.62,23.67,155,2,89.93,29.45,"Alpha","auth","baja","success"
22.23,31.55,148,0,69.04,4.32,"Delta","database","baja","success"
18.67,24.67,141,1,84.32,11.02,"Alpha","api","baja","success"
11.98,23.69,152,2,84.89,7.21,"Beta","database","baja","failed"
16.66,7.32,164,3,79.08,27.25,"Beta","ui","alta","rolled_back"
13.4,19.77,145,2,72.92,35.94,"Gamma","database","media","success"
21.64,29.71,124,2,87.62,5.54,"Delta","auth","media","success"
23.7,5.67,139,1,79.54,56.11,"Delta","analytics","baja","success"
3.88,3.39,148,2,74.52,56.56,"Gamma","analytics","baja","success"
5,15.51,153,2,79.95,31.1,"Delta","auth","media","rolled_back"
21.06,12.93,166,2,69.68,4.63,"Beta","analytics","media","success"
6.35,40.7,143,2,92.51,5.01,"Alpha","api","media","rolled_back"
6.39,32.69,131,6,69.74,17.02,"Alpha","database","crítica","success"
12.55,19.95,144,1,66.02,2.64,"Alpha","auth","baja","success"
13.45,4.82,135,1,65.82,8.16,"Gamma","database","crítica","success"
11.34,61.32,135,2,74.24,56.93,"Delta","auth","alta","success"
17.66,10.81,130,1,86.44,11.52,"Gamma","auth","alta","failed"
7.68,15.75,146,0,95.69,34.17,"Alpha","database","baja","failed"
26.13,5.48,140,2,80.79,0.22,"Beta","api","media","success"
10.28,6.23,147,1,79.36,2.06,"Alpha","analytics","crítica","success"
12.24,7.43,147,3,61.57,9,"Beta","ui","alta","success"
5.53,9.98,143,4,77.35,17.84,"Gamma","auth","media","success"
27.87,17.74,156,3,95.15,43.95,"Beta","api","media","success"
25.41,16.84,145,2,67.21,14.61,"Gamma","ui","media","failed"
8.25,13.42,176,1,73.18,0.92,"Delta","api","alta","success"
5.96,93.21,141,2,91.26,23.71,"Gamma","ui","media","success"
9.42,24.39,151,2,61.95,4.19,"Alpha","analytics","media","failed"
8.83,10.15,168,2,87.87,5.63,"Delta","api","media","success"
15.93,11.1,156,7,72.27,17.65,"Delta","api","media","success"
19.97,19.35,129,3,72.96,4.83,"Beta","analytics","baja","success"
5.4,3.54,149,3,60.32,7.55,"Delta","database","crítica","success"
7.81,27.18,168,3,80.54,16.05,"Delta","ui","media","success"
11.61,10.96,146,2,72.62,7.89,"Beta","ui","media","failed"
8.57,6.54,136,3,81.13,17.53,"Alpha","ui","media","success"
39.64,9.8,144,1,87.55,6.68,"Gamma","database","alta","failed"
10.07,18.11,180,2,85.42,1.87,"Beta","database","alta","success"
3.91,24.2,155,1,92.98,19.36,"Delta","database","media","success"
8.66,7.14,147,1,85.31,26.8,"Alpha","analytics","media","success"
11.52,17.35,142,4,68.67,10.27,"Beta","analytics","media","failed"
6.43,49.93,138,1,62.99,45.05,"Alpha","api","baja","success"
7.16,13.9,147,2,71.92,20.86,"Delta","database","baja","success"
6.04,45.67,182,0,78.82,22.79,"Delta","analytics","alta","success"
11.4,15.75,134,1,73.35,35.16,"Gamma","auth","baja","success"
20.44,28.41,151,2,75.54,18.16,"Alpha","api","baja","success"
21.68,7.5,127,1,95.95,28.98,"Beta","auth","baja","success"
23.14,2.16,148,6,78.2,0.05,"Gamma","database","baja","success"
24.18,8.95,162,1,74.88,84.81,"Alpha","database","baja","success"
14.94,14.5,162,3,72.01,0.05,"Gamma","api","baja","success"
13.89,21.82,159,0,63.61,23.33,"Delta","database","media","success"
6.09,22.24,137,1,91.52,23.33,"Gamma","api","alta","success"
18.9,20.67,143,3,75.33,99.13,"Beta","api","baja","success"
28.24,16.83,138,3,83.75,2.52,"Delta","auth","alta","success"
13.34,13.86,146,1,73.71,8.33,"Gamma","ui","baja","success"
16.81,36.09,130,5,89.87,NA,"Gamma","analytics","media","failed"
19.14,4.91,144,0,82.89,3.32,"Alpha","database","crítica","success"
6.81,10.59,136,0,71.65,3.34,"Alpha","analytics","media","success"
20.33,29.56,190,0,76.53,26.53,"Delta","auth","media","success"
4.9,29.02,161,3,82.26,3.62,"Delta","ui","baja","success"
4.64,19.25,166,1,70.88,3.48,"Gamma","ui","media","success"
14.38,5.83,171,4,54.17,4.32,"Gamma","database","alta","success"
27.31,20.17,154,0,67.79,25.07,"Delta","database","baja","rolled_back"
17.28,3.49,132,2,73.08,51.62,"Alpha","api","media","success"
20.78,4.3,141,3,69.98,6.45,"Alpha","ui","media","success"
8.51,27.01,140,1,71.03,124.35,"Beta","ui","baja","rolled_back"
14.86,12.85,163,0,85.63,1.17,"Delta","database","crítica","failed"
15.49,17.6,142,4,76.86,1.34,"Beta","ui","crítica","success"
22.86,5.39,147,2,57.94,2.49,"Gamma","database","alta","success"
12.41,30.18,146,0,78.42,31.54,"Beta","ui","crítica","failed"
8.87,12.59,146,1,75.9,43.23,"Delta","analytics","media","success"
11.62,10.8,155,1,66.27,0.68,"Gamma","ui","alta","success"
11.79,19.75,149,3,82.48,15.55,"Alpha","ui","alta","rolled_back"
2.83,22.01,144,5,77.37,11.11,"Beta","database","baja","rolled_back"
17.9,7.28,159,2,71.39,7.48,"Beta","analytics","alta","success"
9.92,6.77,131,1,96.1,12.7,"Beta","auth","media","success"
19.9,10.08,133,4,100,62.6,"Gamma","auth","baja","success"
1.86,22.59,173,1,58.56,69.84,"Beta","ui","alta","failed"
8.38,19.01,151,0,67.75,1.07,"Gamma","auth","media","success"
8.03,16.65,144,0,58.21,11.14,"Delta","ui","media","success"
14.94,11.31,140,5,70.7,26.91,"Alpha","auth","baja","success"
20.04,16.9,154,3,65.06,3.18,"Delta","ui","baja","success"
17.97,7.08,159,4,62.95,9.03,"Alpha","api","alta","success"
13.32,49.44,146,4,100,29.6,"Delta","auth","baja","success"
18.37,6.6,169,3,63.59,13.77,"Gamma","auth","baja","success"
11.43,2.87,156,2,76.87,15.91,"Alpha","analytics","baja","success"
19.08,21.93,142,3,99.15,69.19,"Beta","auth","baja","success"
14.41,5.11,142,5,71.01,9.61,"Delta","analytics","media","success"
23.82,17.47,154,3,61.93,62.04,"Beta","database","media","success"
21.54,12.21,146,2,56.91,8.88,"Gamma","analytics","media","success"
17.82,23.32,151,1,62.7,4.6,"Gamma","api","alta","failed"
13.03,36.54,149,2,87.18,0.72,"Delta","analytics","crítica","success"
18.15,1.58,121,3,80.37,13.26,"Beta","database","alta","success"
8.41,10.69,148,0,77.54,14.3,"Gamma","analytics","baja","success"
16.83,16.26,156,5,90.74,20.48,"Gamma","auth","alta","success"
12.65,8.06,151,2,59.76,14.93,"Delta","auth","baja","success"
3.8,11.24,165,1,76.23,9.36,"Delta","api","baja","success"
4.43,19.18,145,3,79.46,8.41,"Delta","ui","baja","rolled_back"
11.46,26.99,134,2,90.82,2.04,"Alpha","analytics","media","success"
4.61,9.84,140,1,77.38,1.11,"Alpha","ui","media","failed"
15.82,14.46,142,5,89.52,24.02,"Alpha","api","media","success"
24,11.29,148,0,93.14,9.92,"Gamma","ui","baja","success"
12.15,22.36,151,1,76.72,24.89,"Gamma","analytics","media","failed"
9.01,15.67,143,0,80.63,1.52,"Gamma","api","baja","failed"
20.81,18.54,158,4,67.28,15.72,"Alpha","api","baja","success"
9.92,17.29,141,1,87.13,18.89,"Beta","auth","media","success"
7.51,45.46,166,2,58.82,14.57,"Delta","analytics","baja","success"
37.24,14.54,145,0,87.28,3.2,"Alpha","auth","baja","success"
10.06,34.75,150,5,80.67,36.12,"Gamma","ui","baja","success"
14.11,9.37,151,0,92.23,20.25,"Delta","database","crítica","success"
6.98,7.55,167,4,69.35,54.47,"Alpha","api","crítica","success"
5.9,20.27,149,0,76.09,10.57,"Alpha","auth","crítica","success"
4.69,15.44,148,1,71.07,2.9,"Beta","database","media","failed"
4.1,15.49,153,0,90.94,67.85,"Alpha","ui","baja","success"
23.68,9.84,144,1,85.58,5.92,"Gamma","analytics","alta","success"
7.87,11.22,148,4,82.1,NA,"Beta","ui","media","success"
6.49,25.28,139,1,78.81,0.47,"Gamma","auth","baja","success"
16.87,4.73,140,0,54.48,23.99,"Delta","database","baja","success"
10.21,10.89,161,1,80.18,39.67,"Alpha","database","baja","success"
18.76,3.44,127,0,60.82,67.75,"Alpha","database","alta","failed"
16.25,33.96,132,2,81.57,36.97,"Gamma","ui","crítica","success"
19.23,17.52,150,1,96.83,19.93,"Gamma","ui","media","failed"
9.07,46.17,168,2,88.66,36.36,"Alpha","analytics","media","success"
9.31,75.2,152,2,76.45,10.38,"Delta","api","baja","success"
10.37,10.97,150,7,74.74,96.48,"Delta","api","media","success"
14.93,3.92,158,0,70.39,11.99,"Alpha","analytics","baja","failed"
7.07,61.55,159,1,75.57,8.7,"Delta","auth","media","rolled_back"
2.67,35.62,167,1,88.92,18.63,"Delta","api","baja","failed"
26.73,18.46,181,3,51.99,22.89,"Gamma","api","media","success"
26.61,11.87,134,3,70.62,6.58,"Alpha","api","crítica","success"
31.64,10.32,139,4,100,0.36,"Delta","api","baja","success"
5.93,67.16,147,1,71.25,57.51,"Alpha","ui","media","success"
20.91,26.81,161,0,63.84,26.3,"Delta","api","baja","rolled_back"
5.53,24.29,140,3,91.46,29.08,"Delta","database","crítica","success"
17.01,21.21,165,1,63.88,39.5,"Beta","api","crítica","success"
12.34,39.01,153,1,59.59,22.24,"Beta","auth","crítica","failed"
2.28,23.41,151,2,64.26,44.21,"Alpha","api","baja","rolled_back"
3.86,5.58,156,2,90.58,3.3,"Delta","ui","media","success"
9.64,14.84,144,0,76.04,15.48,"Delta","auth","media","rolled_back"
11.48,11.8,164,3,67.92,81.1,"Delta","api","media","success"
10.38,22.57,127,4,64.51,7.81,"Delta","api","alta","success"
14.07,25.83,140,1,86.74,1.52,"Beta","ui","media","success"
8.95,16.03,141,1,71.77,4.18,"Beta","auth","media","rolled_back"
18.71,24.06,151,3,78.7,10.26,"Alpha","auth","baja","success"
12.44,16.09,134,2,71.59,1.99,"Delta","analytics","baja","success"
16.11,22.21,146,2,75.46,42.67,"Delta","analytics","baja","success"
10.65,2.69,139,0,67.13,41.38,"Delta","database","media","success"
21.67,12.4,153,2,92.23,17.13,"Alpha","database","baja","success"
17.94,12.37,165,2,60.28,28.23,"Delta","api","media","success"
9.2,24.65,146,1,70.94,10.65,"Gamma","database","crítica","success"
37.78,30.58,141,2,72,30.45,"Gamma","ui","baja","rolled_back"
5.93,11.62,135,0,80.32,50.49,"Alpha","database","media","success"
12.15,27.49,153,4,75.84,16.22,"Alpha","analytics","baja","success"
28.8,6.63,130,1,56.33,28.95,"Delta","ui","media","success"
24.08,41.52,139,3,54.37,7.01,"Alpha","ui","alta","success"
9.08,6.3,163,1,89.73,12.76,"Gamma","ui","alta","success"
21.7,17.24,149,3,65.03,21.91,"Alpha","database","media","success"
11.61,29.49,155,1,60.1,17.97,"Gamma","database","crítica","failed"
14.25,27.44,123,1,78.11,19.36,"Alpha","database","baja","rolled_back"
29.56,12.6,155,0,67.54,9.11,"Gamma","api","alta","success"
12.44,18.93,151,2,79.33,0.67,"Alpha","ui","media","success"
10.68,3.34,165,2,89.22,41.76,"Alpha","database","media","success"
13.14,18.46,150,6,63.76,35.11,"Alpha","ui","alta","success"
3.21,18.75,126,2,85.62,39.26,"Delta","analytics","baja","success"
4.59,2.02,150,2,80.53,5.79,"Gamma","ui","baja","success"
16.69,21.41,137,5,72.18,26.68,"Delta","database","alta","success"
8.65,16.54,145,2,86.32,24.43,"Delta","api","media","success"
12.42,4.95,163,1,81.67,28.07,"Delta","analytics","alta","success"
10.39,30.33,161,2,66.41,0.1,"Alpha","auth","baja","success"
18.22,22.93,138,1,94.53,13.36,"Alpha","auth","media","success"
12.41,13.04,156,2,79.1,11.05,"Alpha","ui","media","success"
27.81,25.59,151,2,96.76,18.62,"Delta","ui","alta","success"
12.96,34.74,132,0,98.16,7.17,"Delta","analytics","media","success"
6.74,15.15,148,2,84.79,15.5,"Delta","auth","alta","success"
18.83,11.12,166,4,71.51,8.37,"Delta","auth","alta","failed"
8.85,13.22,145,0,76.04,2.83,"Gamma","ui","media","failed"
28.56,1.54,148,1,73.46,10,"Delta","api","alta","success"
17.11,13.88,155,2,85.97,11.38,"Beta","ui","alta","failed"
22.91,11.14,154,3,66.75,9.08,"Beta","database","baja","success"
37.58,25.62,148,2,45.17,6.72,"Gamma","auth","baja","success"
6.73,21.12,172,1,64.42,30.19,"Alpha","api","baja","success"
25.32,13.83,148,1,NA,5.18,"Gamma","api","alta","rolled_back"
4.11,7,152,4,82.04,32.94,"Delta","analytics","baja","success"
30.14,18.66,141,5,83.01,15.91,"Gamma","auth","baja","success"
6.17,34.86,165,2,66.56,90.76,"Delta","ui","baja","failed"
3.45,6.24,151,2,66.26,3.71,"Alpha","database","media","success"
13.93,13.9,135,3,89.12,29.92,"Alpha","ui","alta","success"
11.76,11.03,157,3,83.48,28.92,"Gamma","api","media","success"
12.2,5.6,149,2,70.22,12.56,"Gamma","analytics","alta","success"
8.48,6.26,153,1,72.09,4.24,"Beta","analytics","baja","success"
23.47,19.11,162,2,72.73,9.29,"Alpha","ui","baja","success"
19.88,19.47,154,2,72,21.07,"Alpha","database","baja","success"
15.19,25.77,147,2,57.93,7.05,"Gamma","analytics","baja","success"
15.69,10.98,147,1,75.08,0.13,"Delta","analytics","baja","success"
23.82,8.75,165,3,71.09,9.66,"Alpha","api","alta","success"
22.73,3.37,143,2,66.55,16.2,"Alpha","analytics","crítica","success"
12.02,3.82,163,1,86.89,4.76,"Beta","ui","baja","success"
8.34,38.1,167,1,88.25,44.03,"Alpha","auth","baja","success"
26.84,11.39,156,2,80.53,37.25,"Delta","api","media","failed"
5.97,10.61,141,0,68.77,15.39,"Beta","analytics","crítica","success"
33.35,21.78,131,2,77.64,5.02,"Gamma","database","baja","success"
8.81,43.81,154,0,96.5,3.64,"Gamma","database","media","success"
24.81,21.67,125,1,72.56,6.83,"Alpha","database","baja","success"
13.18,48.34,144,2,55.39,24.41,"Delta","database","baja","success"
21.31,8.88,151,1,57.73,20.33,"Alpha","ui","baja","success"
32.53,34.4,163,2,87.89,8.68,"Alpha","api","media","success"
22.49,1.46,161,1,95.95,25.03,"Delta","analytics","baja","success"
9.86,25.96,142,4,55.45,NA,"Beta","ui","media","success"
22.39,32.63,164,3,67.15,0.45,"Delta","analytics","baja","success"
17.07,12.76,139,0,84.13,47.69,"Alpha","ui","media","success"
18.13,13.33,153,3,65.44,12.71,"Beta","ui","alta","failed"
19.36,24.94,158,1,85.37,17.35,"Delta","auth","media","failed"
15.12,1.71,166,0,88.67,22.17,"Alpha","ui","media","success"
5.64,24.81,149,2,63.01,1.95,"Delta","analytics","baja","success"
22.08,39.84,156,3,76.57,2.06,"Alpha","database","alta","success"
19.57,26.19,159,1,64.74,20.38,"Alpha","api","alta","failed"
20.37,8.47,144,2,83.52,1.42,"Gamma","database","baja","success"
8.35,3.38,142,0,73.29,22.02,"Delta","database","baja","success"
42.95,20.76,151,1,89.54,8.83,"Delta","database","media","failed"
18.23,47.24,148,3,79.6,10.02,"Alpha","database","crítica","success"
22.82,13.51,155,2,93.5,3.8,"Delta","database","baja","success"
35.15,13.96,118,2,80.86,1.71,"Delta","auth","baja","success"
6.79,5.16,161,2,76.5,73.5,"Delta","analytics","alta","success"
4.84,9.39,148,2,79.19,5.69,"Alpha","auth","crítica","rolled_back"
8.85,7.33,169,2,74.64,6.74,"Alpha","auth","media","success"
23.7,17.27,139,3,77.87,4.39,"Alpha","database","baja","success"
42.58,26.56,144,3,80.44,13.34,"Delta","database","crítica","success"
25.16,13.86,160,1,78.4,9.66,"Alpha","database","media","success"
19.7,11.46,147,2,62.21,9.56,"Alpha","analytics","alta","rolled_back"
10.52,15.39,118,3,67.03,29.76,"Beta","api","baja","success"
24.95,11.3,158,4,64.68,3.79,"Gamma","analytics","baja","success"
8.02,16.98,169,2,51.98,35.72,"Beta","auth","media","success"
12.91,5.89,145,3,63.94,7.31,"Delta","ui","media","failed"
6.75,29.04,147,5,78.07,21.66,"Alpha","api","media","success"
27.14,30.49,158,3,69.39,23.19,"Gamma","ui","alta","success"
8.1,8.38,146,1,78.86,54.86,"Delta","auth","media","success"
4.76,2.85,155,3,92.35,8.27,"Gamma","api","baja","success"
27.42,23.23,139,3,68.13,26.16,"Alpha","auth","media","success"
4.68,11.39,142,1,68.99,16.38,"Delta","database","media","success"
5.63,20.27,159,2,58.44,17.5,"Alpha","analytics","media","success"
14.96,45.82,142,3,61.81,46.85,"Delta","api","baja","failed"
14.12,26.25,141,4,86.87,19.63,"Alpha","api","baja","success"
8.46,30.2,150,1,59.34,26.67,"Delta","database","media","success"
11.54,26.15,146,2,83.17,1.93,"Alpha","auth","alta","success"
49.41,11.99,138,2,73.53,20.84,"Beta","api","media","failed"
24.91,2.42,150,1,76.38,8.21,"Gamma","api","baja","failed"
14.72,16.73,162,0,97.91,0.25,"Gamma","auth","baja","success"
22.56,1.13,142,2,87.92,13.58,"Delta","database","baja","success"
8.7,59.77,157,1,70.24,2.3,"Alpha","ui","baja","success"
33.45,4.86,153,1,65.69,24.15,"Delta","analytics","crítica","success"
7.27,19.14,132,2,63.18,49.52,"Delta","auth","baja","success"
23.94,17.23,143,0,51.34,9.15,"Alpha","database","crítica","success"
12.65,17.1,139,5,57.27,2.82,"Alpha","analytics","media","success"
19.21,26.09,134,2,100,28.98,"Gamma","database","baja","success"
9.68,23.51,142,2,53.83,5.6,"Alpha","ui","baja","success"
13.39,35.19,124,4,66.88,0.32,"Alpha","api","baja","failed"
8.27,14,142,2,69.6,8.91,"Delta","api","baja","rolled_back"
21.05,5.42,135,0,91.91,82.99,"Beta","auth","baja","success"
2.23,35.87,156,1,58.33,NA,"Beta","analytics","media","success"
17.36,27.96,129,1,68.09,91.38,"Gamma","api","baja","success"
17.56,12.62,154,3,77.08,9.14,"Delta","database","alta","failed"
25.95,20.06,142,1,88.63,36.15,"Delta","auth","alta","success"
27.69,9.62,157,1,59.46,30.98,"Delta","ui","media","success"
5.5,2.37,188,1,60.83,24.22,"Alpha","api","baja","success"
11.38,17.17,140,1,67.84,16.52,"Delta","database","baja","failed"
16.46,18.61,144,3,67.51,28.82,"Beta","auth","crítica","success"
15.05,11.35,155,3,67.4,16.52,"Beta","database","media","success"
13.31,32.87,133,2,61.51,19.45,"Gamma","ui","media","success"
9,7.74,144,1,77.24,46.26,"Gamma","auth","baja","success"
6.98,37.75,149,3,68.22,31.01,"Alpha","database","alta","success"
41.99,27.14,136,3,81,33.19,"Gamma","auth","alta","success"
22.1,12.04,153,4,82.3,16.92,"Beta","auth","crítica","rolled_back"
21.44,18.5,148,2,91.09,24.31,"Beta","ui","media","failed"
11.61,27.4,142,1,64.17,25.08,"Delta","database","alta","rolled_back"
30.8,10.71,152,3,53.5,15.91,"Alpha","ui","alta","success"
26.08,39.68,143,1,79.59,13.24,"Gamma","analytics","media","success"
4.57,16.99,149,1,72.28,24.53,"Beta","analytics","media","failed"
12.4,20.83,149,2,44.02,18.95,"Delta","database","baja","success"
9.63,22.36,142,1,54.82,20.61,"Alpha","ui","baja","success"
21.68,13.73,126,5,64.32,20.63,"Alpha","analytics","alta","success"
7.36,22.42,162,0,71.52,0.88,"Delta","analytics","baja","rolled_back"
12.16,8.81,146,0,83.93,1.16,"Gamma","auth","media","success"
18.18,15.83,151,2,53.64,4.74,"Beta","database","crítica","success"
7.63,11.18,142,0,60.13,5.71,"Alpha","analytics","baja","success"
6.46,31.36,159,3,94.1,6.54,"Beta","auth","baja","failed"
20.44,22.43,152,5,84.54,28.84,"Gamma","analytics","alta","success"
8.58,28.44,146,1,66.48,3.23,"Alpha","auth","media","success"
24.52,9.44,152,3,77.26,38.69,"Beta","analytics","baja","success"
8.96,31.93,155,1,67.42,8.01,"Beta","analytics","alta","success"
9.52,23.11,132,2,68.83,11.92,"Delta","analytics","alta","success"
22.29,33.68,142,6,68.76,15.19,"Beta","analytics","media","success"
9.03,37.52,153,1,90,28.89,"Beta","ui","alta","success"
9.92,12.29,128,3,81.85,3.58,"Alpha","database","baja","success"
19.41,24.26,157,0,76.48,28.38,"Delta","database","baja","success"
19.59,23.31,165,1,83.67,5.27,"Gamma","auth","media","failed"
12.89,28.14,144,3,82.22,4.22,"Delta","analytics","media","success"
19.26,5.47,159,4,92.65,1.93,"Gamma","database","media","success"
14.86,10.86,124,1,57.07,19.06,"Beta","analytics","alta","success"
8,4.06,164,1,78.3,0.18,"Beta","database","media","success"
10.59,17.36,145,1,71.81,16.93,"Gamma","api","baja","success"
20.08,3.17,170,0,89.19,19.57,"Delta","ui","alta","success"
15.35,40.59,171,0,92.78,24.44,"Gamma","ui","baja","rolled_back"
12.68,2.49,152,1,90.2,4.45,"Delta","auth","media","success"
8.13,21.64,134,2,80.88,49.99,"Beta","analytics","crítica","failed"
4,6.14,150,2,66.01,38.84,"Beta","ui","baja","success"
11.74,17.87,152,1,65.58,33.23,"Alpha","database","media","success"
10.99,15.84,158,0,63.82,2.7,"Delta","api","alta","success"
8.89,2.99,156,2,63.81,18.89,"Gamma","analytics","media","success"
33.2,13.63,148,3,79.28,1.01,"Alpha","auth","baja","failed"
26.18,5.39,157,2,60.49,0.44,"Alpha","database","media","failed"
4.17,24.41,148,1,87.97,62.85,"Beta","api","baja","success"
10.51,11.9,159,0,95.24,19.1,"Beta","auth","baja","success"
12.13,19.93,138,5,88.46,7.81,"Alpha","database","baja","success"
27.05,12.27,152,2,76.91,5.19,"Alpha","auth","baja","failed"
3.7,9.82,142,4,68.15,8.37,"Gamma","analytics","crítica","success"
1.36,8.26,136,6,71.9,16.55,"Gamma","auth","baja","success"
18.29,6.37,160,2,71.33,2.78,"Beta","auth","media","success"
5.27,12.44,161,0,NA,2.54,"Beta","api","media","success"
5.31,25.83,148,4,80.64,4.44,"Gamma","analytics","baja","failed"
3.73,9.57,152,4,56.67,10.61,"Beta","api","media","success"
13.61,6.59,155,3,67.78,21.75,"Gamma","ui","media","success"
27.2,40.8,151,2,59.17,24.35,"Delta","analytics","media","success"
14.07,10.82,149,2,89.7,46.21,"Alpha","database","baja","success"
17.01,7.24,158,4,93.91,7.74,"Gamma","auth","media","success"
37.88,11.78,141,2,71.59,5.82,"Gamma","ui","media","success"
9.28,29.2,173,2,79.68,28.73,"Beta","api","media","success"
2.36,21.01,156,3,55.76,12.8,"Alpha","analytics","baja","failed"
10.49,7.89,178,3,73.5,41.77,"Delta","auth","alta","success"
9.43,9.47,144,1,88.19,14.57,"Gamma","api","media","success"
14.1,16.4,126,1,68.55,16.66,"Alpha","ui","crítica","failed"
4.2,13.91,138,1,86.35,13.13,"Beta","ui","baja","success"
9.55,16.42,140,3,75.71,25.66,"Gamma","ui","alta","success"
4.22,23.51,154,1,98.45,51.1,"Beta","ui","baja","success"
27.29,9.16,155,3,64.56,31.05,"Beta","analytics","baja","success"
14.19,59.14,149,3,60.83,11.81,"Alpha","api","media","success"
13.79,15.49,168,3,62.25,11.91,"Delta","auth","alta","success"
13.36,7.33,151,3,52.46,31.75,"Delta","analytics","media","success"
6.4,39.25,167,1,70.45,31.82,"Alpha","auth","crítica","success"
13.75,3.85,135,3,84.5,118.02,"Gamma","ui","crítica","success"
12.71,20.35,169,3,76.85,62.94,"Delta","api","media","failed"
22.24,33.47,152,2,59.49,36.24,"Beta","ui","media","success"
10.79,12.72,136,2,75.04,76.99,"Gamma","api","media","success"
17.75,14.6,156,1,72.71,13.21,"Gamma","database","media","success"
16.64,5.58,147,4,83.62,37.68,"Alpha","api","crítica","success"
8.81,18.57,147,2,75.57,8.6,"Gamma","auth","baja","failed"
11.47,43.58,149,0,89.28,59.82,"Beta","analytics","media","success"
13.53,11.92,125,2,64.61,86.4,"Beta","ui","baja","success"
8.91,31.87,152,1,85.19,51.65,"Delta","analytics","media","success"
37.89,34,153,2,82.69,21.08,"Beta","auth","baja","success"
16.01,6.75,168,2,92.46,1.72,"Gamma","analytics","media","failed"
15.53,16.68,145,3,73.63,7.81,"Beta","ui","alta","success"
17.06,15.82,165,1,96.23,2.01,"Beta","database","baja","success"
27.73,34.87,162,1,55.69,14.96,"Delta","ui","baja","success"
21.26,14.3,144,1,76.11,36.29,"Delta","auth","baja","success"
15.32,26.23,167,1,78.64,10.49,"Gamma","database","baja","failed"
8.14,35.11,137,1,62.86,9.49,"Alpha","ui","media","success"
2.34,8.72,156,3,80.67,1.75,"Beta","api","baja","success"
14.25,67.86,146,1,83.01,35.11,"Beta","auth","alta","success"
11.5,1.64,176,2,64.42,7.25,"Alpha","api","media","success"
14.64,10.39,155,2,83.83,17.38,"Alpha","analytics","crítica","success"
4.92,7.92,134,2,71.51,15.65,"Beta","analytics","alta","success"
16.64,23.48,134,3,65.65,23.58,"Delta","ui","alta","success"
9.72,2.64,137,6,57.27,1.23,"Beta","auth","baja","success"
10.4,25.99,160,3,70.26,15.23,"Beta","auth","alta","rolled_back"
11.04,23.72,169,0,53.04,2.33,"Alpha","ui","media","success"
4.37,19.62,129,2,79.09,4.74,"Gamma","api","baja","success"
5.58,6.73,153,2,77.21,21.26,"Beta","auth","baja","success"
7.37,6.44,151,3,55.91,9.53,"Gamma","database","baja","success"
21.22,26.65,143,1,77.31,35.76,"Alpha","auth","alta","success"
12.96,30.01,163,2,56.25,50.54,"Gamma","api","alta","success"
15.14,4.05,128,2,83.84,50.81,"Beta","analytics","baja","success"
10.25,39.44,172,2,56.65,6.64,"Alpha","auth","baja","success"
6.57,18.7,162,2,87,24.78,"Beta","analytics","baja","success"
11.5,15.25,151,3,80.7,13.24,"Delta","ui","baja","failed"
25.46,29.78,145,4,92.92,3.65,"Gamma","analytics","baja","failed"
27.04,10.08,177,0,80.42,35.94,"Delta","api","baja","success"
15.61,15.44,159,1,67.78,2.14,"Beta","database","media","failed"
10.86,46.43,143,1,65.71,16.9,"Beta","analytics","baja","success"
9.87,33.57,158,2,81.25,17,"Delta","database","baja","success"
5.83,16.95,169,2,96.65,41.65,"Delta","ui","media","success"
11.39,33.37,122,1,66.81,69.58,"Beta","analytics","media","success"
24.46,22.18,161,2,81.09,21.93,"Delta","ui","alta","success"
29.15,53.4,152,3,75.49,9.3,"Gamma","api","baja","success"
26.84,25.7,118,3,79.61,44.69,"Delta","database","baja","success"
19.52,22.82,164,2,74.66,30.81,"Beta","analytics","media","success"
12.21,23.86,152,2,70.32,38.89,"Delta","api","baja","success"
27.73,27.48,150,3,95.4,8.25,"Delta","ui","baja","failed"
55.93,24.4,149,4,82.97,31.33,"Gamma","auth","media","success"
10.01,14.04,148,2,82.54,8.78,"Beta","auth","media","failed"
13.25,14.98,151,2,81.17,22.14,"Delta","database","baja","success"
9.02,39.7,140,5,85.85,44.54,"Beta","analytics","alta","success"
6.97,37.23,149,0,100,1.59,"Gamma","auth","media","success"
25.08,22.49,141,3,58.83,1.33,"Alpha","api","baja","success"
8.55,33.65,143,2,82.08,34.46,"Beta","ui","baja","success"
19.04,23.43,158,2,89.62,3.79,"Delta","api","baja","success"
7.59,8.79,149,3,86.16,20.62,"Delta","analytics","media","success"
4.42,17.26,163,0,84.61,5.7,"Delta","database","baja","success"
6.29,21.51,141,2,73.06,46.62,"Gamma","analytics","media","success"
16.31,1.25,147,2,73.04,13.6,"Beta","auth","crítica","success"
15.16,7.4,165,1,73.99,67.38,"Alpha","auth","media","success"
27.26,22.28,175,1,78.08,13.38,"Delta","api","baja","failed"
12,35.57,146,6,63.47,20.56,"Delta","database","baja","success"
27.4,27.95,160,9,60.27,97.7,"Delta","ui","media","success"
11.18,27.16,137,0,69.79,19.86,"Gamma","database","crítica","success"
14.34,4.72,159,1,85.68,16.94,"Alpha","analytics","crítica","success"
6.48,21.72,176,2,68.28,4.21,"Gamma","database","media","success"
5.12,20.83,154,0,75.35,23.65,"Delta","analytics","media","success"
7.41,17.41,167,2,78.15,7.14,"Delta","database","media","success"
14.23,16.44,143,1,94.01,18.27,"Alpha","api","alta","failed"
18.08,24.91,159,2,73.93,7.95,"Gamma","analytics","crítica","success"
5.67,5.27,149,2,53.51,18.34,"Delta","api","baja","success"
10.22,9.29,139,3,77.12,16.77,"Alpha","api","alta","success"
17.86,15.06,162,1,85.42,24.82,"Delta","database","baja","success"
11.17,8.69,147,2,48.66,53.14,"Gamma","database","media","failed"
11.24,34.39,165,2,78.53,4.12,"Alpha","ui","media","success"
42.81,16.61,155,1,82.94,24.63,"Beta","auth","baja","success"
26.52,26.89,138,1,65.55,34.32,"Beta","api","crítica","rolled_back"
17.62,18.37,163,3,76.9,18.71,"Delta","ui","media","success"
18.61,21.07,128,2,78.07,9.33,"Beta","api","baja","failed"
16.82,8.14,154,3,80.29,45.74,"Gamma","auth","media","success"
7.7,24.12,140,3,61.37,30.49,"Beta","api","media","success"
8.29,50.36,128,1,77.15,14.04,"Delta","api","crítica","success"
18.6,11.84,169,2,63.68,7.4,"Gamma","auth","media","success"
5.34,28.71,151,2,72.22,27.68,"Beta","analytics","media","rolled_back"
7.99,0.59,154,2,57.23,32.71,"Delta","analytics","media","failed"
24.33,18.05,147,7,83.98,3.29,"Delta","database","baja","success"
16.45,13.4,137,4,78.62,57.94,"Gamma","ui","baja","success"
8.01,21.45,167,0,81.4,25.91,"Alpha","api","alta","success"
9.96,4.75,151,1,74.5,22.72,"Alpha","auth","alta","success"
13.68,19.86,162,5,86.54,21.07,"Gamma","api","media","failed"
11.76,6.53,151,2,76.74,5.67,"Delta","api","alta","success"
22.38,7.16,137,0,83.28,10.21,"Alpha","analytics","media","success"
17.78,14.63,150,0,75,16.82,"Alpha","analytics","media","failed"
18.99,9.14,150,1,67.95,8.86,"Beta","analytics","media","success"
16.55,33.43,138,5,66.37,12.12,"Alpha","database","alta","success"
15.23,39.61,152,1,64.92,20.11,"Beta","analytics","baja","success"
2.38,8.33,147,3,87.93,6.98,"Beta","database","crítica","success"
11.27,11.71,156,3,67.15,20.1,"Delta","api","media","success"
13.11,23.54,148,1,74.9,33.35,"Delta","database","baja","success"
7.82,41.67,164,3,93.1,29.29,"Alpha","analytics","baja","success"
24.35,41.13,142,0,69.68,60.98,"Gamma","ui","baja","success"
18.36,11.88,145,0,68.45,53.3,"Beta","analytics","media","success"
21.23,39.9,148,3,56.37,11.11,"Gamma","database","alta","success"
8.08,20.29,137,0,79.27,13.9,"Alpha","api","media","failed"
20.8,21.67,169,4,89.43,1.44,"Delta","ui","baja","success"
36.77,18.86,160,1,81.71,16.1,"Alpha","auth","media","success"
18.04,6.88,159,2,73.56,24.82,"Delta","ui","alta","rolled_back"
30.48,12.47,165,2,45.51,33.79,"Alpha","api","media","success"
5.07,35.93,159,2,86.37,22.38,"Gamma","database","crítica","success"
12.81,19,170,3,73.76,29.82,"Gamma","analytics","media","success"
25.02,22.46,161,1,88.61,5.27,"Beta","ui","crítica","success"
14.47,29.92,139,2,66.12,15.6,"Beta","database","baja","success"
17.52,17.75,140,2,69.58,3.83,"Gamma","ui","media","success"
39.56,29.02,157,2,66.97,6.43,"Delta","api","baja","failed"
10.15,11.04,137,2,72.66,13.76,"Alpha","database","media","success"
31.38,10.89,151,1,80.98,22.16,"Delta","analytics","alta","success"
24.23,74.49,128,1,78.02,26.78,"Beta","auth","baja","success"
3.97,2.12,157,4,80.99,3.98,"Gamma","api","baja","rolled_back"
8.33,16.75,157,2,67.31,10.65,"Delta","auth","alta","success"
13.2,19.12,151,2,89.32,1.3,"Beta","ui","media","success"
11.1,72.91,152,4,69.17,0.52,"Beta","ui","crítica","success"
10.86,80.86,135,1,59.1,26.23,"Beta","database","alta","success"
25.47,30.46,136,5,63.7,29.24,"Gamma","api","baja","success"
28.79,40.21,155,2,66.33,10.56,"Delta","ui","alta","success"
16.58,25.32,167,1,79.21,13.21,"Gamma","database","baja","rolled_back"
7.36,24.2,142,0,76.25,15.76,"Alpha","auth","baja","success"
13.17,5.07,157,2,80.97,96.69,"Gamma","api","baja","failed"
14.13,16.74,151,0,57.24,0.4,"Gamma","auth","media","success"
10.65,80.53,143,0,67.13,14.57,"Alpha","analytics","media","success"
46,25.33,165,1,61.91,1.71,"Beta","database","baja","rolled_back"
10.47,31.11,161,2,62.5,27.7,"Beta","database","baja","success"
13.69,4.77,125,0,62.65,20.58,"Delta","analytics","alta","success"
4.55,20.3,146,2,63.18,3.64,"Gamma","api","media","failed"
20.1,2.69,149,4,75.46,7.4,"Gamma","ui","baja","success"
8.68,32.56,144,4,76.42,48.94,"Beta","ui","alta","failed"
10.02,4.82,143,2,74.32,16.55,"Delta","analytics","media","failed"
42.81,19.65,148,3,53.68,0.65,"Alpha","auth","alta","success"
5.74,4.9,136,1,75.76,10.52,"Gamma","database","baja","success"
12.57,24.66,149,6,100,4.26,"Alpha","analytics","alta","success"
6.11,18.78,153,0,100,1.34,"Alpha","ui","crítica","success"
26.24,40.93,166,2,56.8,44.11,"Beta","analytics","baja","success"
31.89,9.56,182,2,81.14,16.04,"Delta","api","alta","failed"
19.62,19.39,135,2,63.26,0.92,"Beta","api","crítica","success"
2.13,28.85,142,1,80.09,15.66,"Delta","analytics","baja","success"
20.99,50.11,130,5,74.64,41.39,"Gamma","database","media","success"
3.51,11.78,153,1,78.15,9.75,"Alpha","ui","alta","success"
15.37,16.63,137,1,85.86,91.29,"Gamma","ui","baja","success"
14.17,20.69,140,0,68.75,8.51,"Delta","ui","media","success"
12.37,1.92,128,1,59.09,7.52,"Gamma","ui","baja","success"
16.1,31.55,163,2,76.87,21.38,"Delta","database","baja","success"
2.81,16.06,133,2,89.61,NA,"Beta","ui","crítica","rolled_back"
5.66,5.52,167,2,80.89,51.19,"Beta","analytics","baja","success"
20.03,22.6,139,2,100,3.87,"Alpha","ui","media","success"
12.76,42.16,144,3,60.49,24.53,"Beta","analytics","media","success"
10.69,1.77,150,1,82.31,22.18,"Alpha","analytics","baja","success"
23.06,2.8,171,0,80.76,28.5,"Alpha","api","baja","failed"
23.01,46.06,161,4,63.48,23.77,"Beta","api","media","success"
14.1,9.2,158,3,58.82,17.82,"Delta","database","media","success"
11.34,6.88,157,2,70.17,1.71,"Alpha","auth","media","success"
28.7,25.51,153,2,67.01,22.79,"Gamma","ui","baja","success"
17.02,41.41,151,2,51.82,3.74,"Beta","auth","alta","success"
9.81,17.84,160,3,65.37,0.98,"Gamma","api","baja","success"
9.12,54.69,149,3,79.51,0.79,"Gamma","analytics","alta","success"
31.96,27.04,154,3,75.17,17.73,"Gamma","analytics","alta","failed"
12.7,17.87,152,2,70.56,0.08,"Gamma","analytics","baja","success"
17.26,12.75,134,2,82.78,0.24,"Delta","ui","media","success"
8.37,25.36,160,2,52.96,0.17,"Delta","analytics","alta","success"
21.47,16.28,142,5,98.75,26.19,"Alpha","analytics","alta","failed"
9.71,53.65,151,3,83.87,11.83,"Delta","analytics","media","failed"
18.91,18.22,155,1,70.62,21.42,"Delta","ui","baja","failed"
5.3,15.25,159,1,73.89,35.43,"Gamma","auth","media","failed"
4.22,15.75,145,1,87.62,0.84,"Delta","auth","baja","success"
13.79,28.38,149,0,87.04,1.15,"Delta","database","crítica","success"
8.9,17.97,131,2,85.05,0.7,"Gamma","database","baja","failed"
17.02,3.02,147,1,77.92,27.04,"Gamma","auth","baja","success"
17.46,4.92,135,1,40.38,6.81,"Delta","api","baja","rolled_back"
15.17,27.33,133,2,64.38,30.19,"Alpha","database","baja","success"
15.88,16.77,155,4,68.65,9.04,"Alpha","ui","media","success"
24.18,28.69,145,1,84.51,14.2,"Delta","database","media","rolled_back"
13.32,8.23,151,3,75.05,20.91,"Beta","database","alta","success"
16.18,28.34,118,3,77.4,2.73,"Beta","api","baja","success"
13.71,28.34,133,1,79.56,43.26,"Delta","auth","media","success"
21.5,6.97,152,3,86.66,1.92,"Delta","api","crítica","failed"
8.63,29.28,161,2,71.57,2.65,"Gamma","database","baja","success"
26.75,43.49,152,1,84.08,4.96,"Gamma","analytics","alta","success"
16.11,27.14,144,3,65.84,2.21,"Alpha","auth","alta","success"
5.71,11.38,138,4,84.29,74.78,"Alpha","auth","baja","failed"
12.39,5.89,167,1,64.53,12.41,"Gamma","database","baja","success"
10.19,9.7,152,4,58.99,8.63,"Beta","auth","media","success"
12.09,27.22,161,0,69.02,15.1,"Gamma","auth","media","rolled_back"
18.21,20.25,172,1,69.79,15.49,"Beta","api","alta","success"
5.45,57.79,159,1,69.96,0.8,"Beta","ui","baja","success"
17.74,7.12,146,1,87.85,10.46,"Alpha","database","baja","success"
13.53,20.39,169,4,49.85,15.41,"Alpha","database","alta","rolled_back"
11.59,21.93,169,1,78.13,0.93,"Gamma","analytics","crítica","failed"
17.15,8.22,160,3,75.1,31.9,"Gamma","ui","media","success"
18.02,20.12,142,4,84.11,5.68,"Delta","api","baja","success"
29.83,30.78,145,2,73.85,22.85,"Delta","database","alta","success"
8.71,8.26,129,2,80.93,5.88,"Beta","auth","media","success"
24.38,50.26,130,1,93.25,1.52,"Alpha","api","baja","success"
11.94,17.43,146,1,77.32,1.09,"Alpha","auth","baja","success"
9.36,42.87,131,1,85.25,4.32,"Delta","api","baja","success"
24.91,7.15,148,3,78.23,27.59,"Delta","ui","baja","success"
19.21,47.2,139,0,71,5.09,"Beta","database","baja","success"
26.93,11.08,165,3,92.7,0.09,"Delta","ui","media","rolled_back"
8.08,14.4,162,3,49.2,100.35,"Beta","ui","baja","success"
14.79,21.01,162,3,82.9,17.58,"Delta","database","alta","success"
20.42,8.46,143,2,55.66,1.77,"Beta","api","media","rolled_back"
8.78,5.55,139,5,90.15,7.13,"Delta","api","media","success"
15.76,13.57,154,2,73.9,36.12,"Gamma","ui","crítica","success"
12.2,17.07,164,5,55.13,16.08,"Beta","analytics","alta","failed"
4.12,43.63,149,1,57.03,4.37,"Delta","database","baja","success"
9.51,21.11,167,2,38.97,15.79,"Alpha","api","media","failed"
15.22,10.35,128,1,88.23,33.99,"Beta","auth","media","success"
20.69,4.97,140,0,49.67,7.57,"Gamma","api","media","failed"
21.13,15.72,173,1,90.25,2.64,"Beta","auth","baja","success"
24.08,11.65,168,2,75.17,20.14,"Alpha","database","baja","success"
13.19,18.89,128,2,83.84,4.86,"Alpha","database","alta","success"
19.62,23.72,146,2,98.09,0.78,"Beta","ui","baja","success"
7.1,19.33,144,2,69.57,29.62,"Gamma","analytics","alta","success"
15.24,53.33,149,4,95.76,9.79,"Gamma","analytics","media","success"
10.26,16.96,151,3,82.67,14.67,"Alpha","ui","baja","success"
5.27,35.95,128,1,79.95,32.8,"Delta","analytics","crítica","success"
4.96,56.12,143,3,73.95,2.32,"Gamma","database","alta","success"
46.81,3.52,136,0,62.22,26.58,"Gamma","api","media","success"
12.43,42.59,143,1,90.46,3.94,"Gamma","database","baja","success"
15.33,9.47,158,3,77.87,18.94,"Gamma","analytics","media","success"
0.66,11.63,164,0,62.34,1.18,"Alpha","auth","baja","rolled_back"
12.58,9.28,151,1,85.77,7.52,"Beta","database","media","success"
10.09,11.59,160,1,83.26,8.61,"Gamma","analytics","baja","success"
12.9,35.1,166,0,100,2.06,"Gamma","api","alta","success"
7.28,33.32,165,0,81.18,25.22,"Beta","database","baja","success"
24.99,41.42,141,4,79.39,12.58,"Gamma","api","baja","success"
8.12,9.84,143,0,92.02,9.26,"Delta","auth","baja","success"
13.54,11.85,154,4,61.57,51.93,"Alpha","database","media","success"
16.55,27.16,155,2,72.38,58.42,"Gamma","auth","media","failed"
13.48,15.33,143,1,70.67,25.1,"Beta","ui","baja","success"
19.78,8.57,149,0,78.17,10.78,"Beta","ui","media","rolled_back"
19.51,13.69,166,2,65.76,27.43,"Gamma","analytics","baja","success"
18.85,14.94,148,3,68.3,2.75,"Delta","api","media","rolled_back"
28.34,3.28,159,1,74.58,69.32,"Beta","database","media","success"
8.78,29.37,169,3,52.41,44.6,"Delta","database","media","success"
14.27,42.85,132,1,67.69,6.71,"Delta","analytics","media","failed"
11.61,34.05,138,4,42.9,24.59,"Alpha","auth","baja","success"
8.87,47.56,136,1,58.4,20.54,"Gamma","database","alta","failed"
26.57,16.05,153,1,53.89,49.64,"Beta","api","crítica","success"
10.59,23.57,151,2,79.65,3.77,"Delta","api","alta","success"
7.39,18.58,149,1,67.98,17.78,"Delta","api","alta","failed"
19.37,47.15,157,3,82.26,4.84,"Alpha","auth","baja","success"
11.58,19.28,155,1,70.25,25.39,"Alpha","ui","media","success"
7.5,26.24,147,4,71.12,37.18,"Beta","ui","crítica","success"
25.5,32.81,142,2,77.36,131.03,"Alpha","database","alta","success"
6.28,33.81,138,2,55.07,16.22,"Alpha","database","media","success"
10.92,18.14,165,1,72.75,15.44,"Alpha","database","crítica","success"
36.46,17.95,135,0,77.38,11.67,"Gamma","api","baja","success"
9.04,53.77,159,3,66.93,29.1,"Gamma","analytics","baja","rolled_back"
14.58,10.12,163,0,94.91,30.09,"Beta","analytics","alta","success"
12.88,11.74,177,3,85.29,6.25,"Alpha","auth","media","success"
25.76,4.19,152,0,78.11,1.53,"Beta","ui","alta","success"
8.92,3.33,141,3,67.66,16.16,"Delta","ui","baja","success"
25.36,8.56,129,0,76.64,2.49,"Beta","auth","media","success"
17.94,2.02,143,1,81.71,46.26,"Delta","analytics","baja","success"
12.75,27.11,135,1,58.24,10.83,"Alpha","ui","media","success"
5.34,16.87,174,1,63.95,5.26,"Beta","auth","alta","success"
17.92,38.25,160,1,87.58,11.43,"Beta","analytics","media","success"
13.4,15.83,143,0,68.22,4.25,"Delta","database","media","success"
7.29,20.93,165,1,92.68,4.03,"Gamma","auth","alta","success"
19.46,59.66,143,2,81.03,13.29,"Beta","auth","alta","success"
15.7,15.41,162,6,80.61,3.21,"Alpha","analytics","crítica","success"
8.21,7.94,144,2,76.98,2.64,"Beta","auth","baja","success"
4.8,12.23,146,4,60.51,21.72,"Gamma","auth","alta","success"
26.2,17.33,148,6,84.01,6.45,"Alpha","database","media","rolled_back"
19.77,3.66,157,1,76.1,1.7,"Gamma","api","baja","failed"
48.11,15.81,138,3,54.3,40.54,"Alpha","analytics","alta","success"
25.2,25.57,150,2,83.48,41.34,"Gamma","ui","baja","success"
8.2,13.16,127,4,81.01,3.59,"Delta","auth","baja","success"
11.94,40.99,159,0,49.38,16.85,"Beta","api","alta","failed"
11.87,10.72,176,5,77.96,0.08,"Beta","ui","alta","success"
17.15,4.94,160,2,77.65,11.08,"Beta","ui","baja","success"
8.88,20.75,154,0,68.13,25.75,"Beta","database","crítica","success"
9.05,33.7,181,3,81.62,6.76,"Alpha","auth","alta","success"
17.49,21.16,159,2,54.41,9.63,"Beta","database","media","success"
5.46,14.54,138,1,57.18,37.18,"Delta","auth","media","success"
15.66,24.52,156,4,78.92,2,"Gamma","database","media","success"
15.9,28.66,148,1,74.37,2.09,"Beta","auth","crítica","rolled_back"
13.88,15.67,149,1,75.04,0.28,"Gamma","analytics","alta","failed"
5.31,10.78,174,2,76.56,NA,"Alpha","ui","alta","success"
23.44,12.99,176,4,73.67,4.95,"Gamma","ui","media","success"
9.19,25.01,142,0,73.47,6.88,"Alpha","auth","alta","success"
17.26,20.25,162,1,72.03,16.99,"Gamma","ui","baja","success"
24.49,24.24,142,4,67.93,2.16,"Beta","database","alta","failed"
15.23,12.3,145,3,73.06,15.4,"Gamma","database","baja","failed"
19.28,12.45,137,1,70.71,0.16,"Beta","database","media","success"
24.7,48.92,141,3,64.17,6.04,"Delta","ui","media","success"
29.05,15.54,133,1,75,54.34,"Alpha","analytics","baja","success"
8.99,6.53,150,2,73.72,3.83,"Alpha","auth","alta","success"
16.5,13.12,135,2,94.85,7.1,"Beta","api","alta","failed"
10.95,20.69,145,5,71.71,40.43,"Alpha","database","media","success"
17.52,11.6,159,2,67.22,3.4,"Gamma","analytics","baja","success"
21.22,21.64,143,3,72.4,15.72,"Gamma","analytics","media","success"
15,15.76,159,1,86.81,14.94,"Beta","api","baja","failed"
10.32,16.48,143,3,74.97,2.5,"Delta","api","baja","success"
15.64,15.28,149,0,64.63,5.45,"Delta","ui","baja","success"
8.05,8.23,167,3,76.21,28.32,"Beta","ui","media","success"
12.53,74.87,143,5,100,12.38,"Alpha","database","media","success"
17.3,20.36,145,3,65.58,48.17,"Beta","ui","crítica","success"
18.59,22.37,154,4,77.69,16.3,"Delta","analytics","baja","success"
26.55,11.22,134,2,79.87,6.99,"Gamma","api","media","success"
18.01,12.85,143,3,62.12,10.65,"Beta","analytics","alta","success"
12.71,14.1,155,1,72.13,0.28,"Gamma","analytics","baja","success"
19.06,3.28,146,3,68.01,15.76,"Alpha","api","alta","failed"
15.4,5.43,126,0,76.54,11.03,"Delta","database","media","failed"
8.02,18.24,161,4,86.24,49.99,"Beta","api","alta","success"
5.95,41.65,150,4,73.38,1.8,"Beta","ui","alta","failed"
12.23,20.73,152,1,68.07,7.88,"Beta","analytics","baja","success"
13.4,17.13,154,1,86.27,4.63,"Alpha","database","media","success"
14.42,31.77,146,5,75.15,4.18,"Gamma","api","media","success"
30.02,18.26,154,0,74.03,14.65,"Gamma","auth","baja","failed"
12.94,2.04,157,0,72.28,39.22,"Delta","ui","baja","success"
20.89,7.43,160,1,88.74,6.52,"Delta","analytics","crítica","success"
23.4,9.13,144,1,77.67,0.7,"Alpha","auth","media","rolled_back"
17.64,13.98,161,0,83.91,36.79,"Delta","database","media","success"
10.98,25.58,150,2,82.74,20.3,"Beta","ui","baja","success"
37.27,24.12,167,1,60.59,11.14,"Gamma","ui","baja","success"
3.28,11.83,148,2,86.36,50.48,"Gamma","analytics","alta","success"
3.91,27.96,151,0,69.8,70,"Gamma","analytics","baja","success"
12.6,47.22,138,1,72.08,34.01,"Beta","auth","baja","success"
4.69,10.9,174,1,75.42,13.06,"Alpha","api","baja","success"
17.19,24.21,146,2,82.36,7.03,"Gamma","api","media","success"
12.45,12.89,153,4,61.73,60.86,"Beta","api","media","success"
9.7,64.22,150,2,94.63,35.46,"Delta","ui","baja","success"
19.83,15.06,161,4,49.69,6.21,"Beta","auth","crítica","success"
19.41,7.12,152,3,69.91,6.57,"Gamma","analytics","media","success"
16.35,48,149,2,74.94,34.2,"Beta","api","baja","success"
26.13,2.28,139,4,100,5.6,"Beta","database","baja","success"
18.74,17.39,146,4,69,12.49,"Alpha","ui","baja","success"
18.41,36.81,152,2,90.63,0.55,"Beta","api","crítica","failed"
29.53,8.29,142,0,66.45,9.1,"Alpha","auth","baja","failed"
4.77,37.55,145,5,75.44,61.69,"Gamma","ui","media","success"
16.16,16.17,136,4,59.17,18.24,"Beta","ui","crítica","success"
16.95,43.67,139,2,62.37,14.44,"Delta","api","baja","success"
4.64,11,148,3,99.63,2.81,"Delta","api","baja","success"
9.38,6.04,158,1,59.44,11.46,"Gamma","api","crítica","success"
9.71,31.06,138,1,90.16,19.81,"Delta","ui","alta","success"
6.14,16.31,155,1,86.29,21.45,"Gamma","api","crítica","success"
11.38,2.54,148,2,80.53,24.56,"Delta","api","baja","success"
3.02,14.53,158,4,75.64,24.98,"Alpha","database","baja","success"
12.46,35.37,175,3,61.48,28.94,"Delta","api","alta","success"
6.71,52.73,145,4,90.71,31.08,"Gamma","auth","alta","success"
17.59,12.54,154,1,77.07,17.04,"Beta","auth","baja","failed"
12.37,14.4,140,1,35.51,3.98,"Gamma","analytics","media","success"
9.53,67.63,142,4,78.33,15.43,"Gamma","ui","baja","success"
5.2,11.5,149,2,63.73,50.55,"Alpha","auth","baja","failed"
18.82,21.26,154,1,75.59,85.06,"Gamma","api","alta","success"
26.29,8.06,157,0,93.58,9.05,"Gamma","analytics","media","success"
2.73,17.78,180,4,64.71,12.97,"Gamma","ui","alta","success"
6.96,6.01,139,2,69.32,41.5,"Delta","database","alta","success"
12.74,12.76,127,1,77.31,7.11,"Alpha","analytics","baja","failed"
11.5,3.96,161,0,64.35,24.77,"Beta","api","media","success"
31.61,10.13,145,1,61.45,1.25,"Alpha","database","media","failed"
10.74,68.06,146,1,66.68,8.28,"Beta","api","crítica","failed"
4.22,10.71,147,2,94.63,18.37,"Alpha","ui","alta","success"
10.62,10.03,157,3,72.68,6.85,"Beta","analytics","alta","success"
27.26,25.08,167,3,78.85,94.01,"Delta","auth","baja","failed"
50.07,13.04,160,1,85.77,29.64,"Gamma","database","alta","success"
4.01,16.65,185,2,85.34,15.45,"Beta","auth","alta","failed"
38.47,7.74,138,3,100,10.39,"Alpha","database","baja","success"
12.47,20.36,149,2,88.91,9.87,"Beta","ui","baja","success"
17.63,3.13,133,0,88.01,28.19,"Alpha","database","baja","success"
8.06,7.22,156,0,84.13,6.05,"Delta","api","media","success"
16.91,13.13,145,1,76.04,NA,"Delta","auth","baja","success"
14.76,28.5,153,2,69.85,4.61,"Alpha","analytics","crítica","success"
7.5,31.85,146,1,77.13,23.68,"Delta","auth","media","success"
22.67,11.66,136,3,56.03,1.49,"Delta","api","baja","success"
25.63,44.03,146,2,65.31,11.06,"Alpha","ui","baja","failed"
17.98,28.58,140,3,90.07,14.6,"Delta","api","baja","rolled_back"
8.55,75.73,134,1,79.12,19.3,"Gamma","auth","baja","success"
2.1,28.03,156,1,69.36,7.37,"Delta","auth","baja","success"
18.27,13.1,151,3,82.09,12.36,"Delta","database","baja","failed"
11.17,20.93,132,1,86.52,5.29,"Delta","analytics","baja","success"
22.85,21.32,159,0,47.37,21.58,"Alpha","api","baja","success"
17.38,36.55,146,4,62.15,34.39,"Beta","auth","baja","success"
17.19,23.75,162,4,60.48,15.6,"Delta","analytics","media","success"
14.47,3.25,145,1,92.2,7.13,"Beta","database","baja","success"
12.77,10.36,150,0,75.21,63.44,"Gamma","analytics","baja","failed"
6.93,14.35,150,0,73.87,13.61,"Gamma","database","media","success"
31.32,1.8,148,0,70.28,0.91,"Alpha","ui","baja","success"
10.51,29.43,143,2,59.23,3.39,"Beta","auth","media","success"
21.02,10.29,160,2,82.15,5.19,"Beta","auth","alta","success"
33.77,29.39,169,3,57.04,4.76,"Delta","auth","media","success"
18.95,13.29,189,1,68.61,34.57,"Delta","database","alta","success"
9.4,14.3,164,2,76.73,NA,"Alpha","api","baja","success"
12.36,29.48,161,0,80.24,20.44,"Beta","auth","baja","success"
22.05,12.54,152,2,73.78,37.16,"Gamma","ui","media","success"
12.87,9.23,140,3,65.91,22.43,"Delta","database","alta","success"
12.05,3.12,172,1,50.08,15.09,"Gamma","analytics","crítica","success"
24.59,22.71,144,4,72.12,8.46,"Delta","api","alta","success"
19.22,7.28,160,0,87.31,52.87,"Alpha","auth","baja","failed"
18.72,24.33,148,1,86.82,27.28,"Delta","analytics","baja","failed"
0.99,11.8,136,2,71.65,19.81,"Alpha","database","crítica","success"
12.97,23.13,144,4,99.23,13.9,"Alpha","analytics","baja","rolled_back"
14.52,10.97,136,5,71.38,8.35,"Alpha","analytics","baja","success"
14.4,7.58,139,3,56.24,3.58,"Beta","auth","crítica","success"
14.04,20.92,165,1,78.66,52.09,"Delta","database","crítica","failed"
10.66,31.82,152,2,62.28,49.96,"Delta","database","baja","success"
4.76,12.58,136,1,81.63,2.2,"Delta","analytics","media","success"
14.17,10.09,175,3,77.42,0.06,"Alpha","ui","baja","success"
17.25,10.02,167,0,61.26,21.44,"Delta","database","media","success"
8.41,70.13,143,2,65.61,19.09,"Gamma","api","alta","success"
11.42,48.15,175,3,55.89,32.84,"Beta","ui","baja","success"
11.67,4.73,125,3,81.28,18.65,"Gamma","ui","media","success"
7.64,18.84,157,2,58,29.71,"Gamma","api","baja","success"
17.44,21.06,153,3,80.06,16.61,"Alpha","database","media","success"
14.6,22.93,145,0,92.63,0.26,"Gamma","ui","baja","success"
42.55,26.71,162,1,83.57,5.56,"Beta","analytics","baja","success"
11.46,7.52,130,1,92.08,36.38,"Beta","database","alta","success"
29.76,4.88,148,0,89.65,2.97,"Delta","auth","baja","success"
10.19,25.12,151,0,78.85,34.82,"Delta","api","alta","success"
17.02,16.07,171,2,84.36,20.23,"Beta","database","baja","success"
11.36,9.19,143,1,76.47,25.22,"Alpha","auth","media","success"
10.62,25.31,157,1,90.59,19.96,"Gamma","auth","media","success"
5.95,14.95,157,1,74.95,12.9,"Gamma","database","alta","success"
23.89,27.09,168,0,65.43,2.42,"Gamma","analytics","media","failed"
13.44,31.25,141,6,75.72,9.74,"Alpha","ui","alta","success"
14.06,5.56,160,7,61.39,17.27,"Delta","analytics","baja","success"
19.49,19.03,137,1,48.22,14.69,"Gamma","analytics","baja","success"
19.03,71.04,145,1,79.37,4.65,"Gamma","database","media","success"
22.57,23.86,135,0,64.55,19.49,"Gamma","database","media","success"
29.54,38.2,127,1,49.89,6.02,"Delta","database","crítica","success"
29.34,13.02,145,0,63.27,10.38,"Alpha","api","baja","success"
6.84,8.16,170,4,73.92,0.13,"Gamma","auth","media","success"
10.67,8.66,162,2,74.76,1.38,"Gamma","auth","baja","success"
9.98,28.04,176,1,87.39,5.08,"Delta","analytics","media","failed"
8.24,5.74,166,2,38.46,40.23,"Gamma","auth","baja","success"
12.27,2.32,151,5,NA,15.6,"Delta","analytics","crítica","success"
9.93,24.49,128,5,88.6,15.05,"Delta","database","crítica","success"
5.88,11.14,172,0,69.21,14.1,"Beta","database","media","success"
8.1,18.11,123,1,88.59,19.7,"Beta","ui","baja","success"
17.37,0.8,137,5,89.16,0.45,"Delta","analytics","crítica","success"
6.09,17.11,155,4,70.42,41.57,"Alpha","database","baja","success"
10.72,32.5,175,0,89.17,40.5,"Beta","ui","crítica","success"
15.28,16.3,126,2,90.23,NA,"Delta","ui","crítica","success"
22.27,30.82,153,0,78.49,6.86,"Alpha","api","alta","success"
9.79,26.74,151,1,81.18,4.15,"Delta","database","media","success"
9.26,25.38,131,3,41.96,11.87,"Beta","ui","crítica","success"
14.48,24.44,149,0,93.47,50.15,"Alpha","ui","media","success"
24.92,10.96,133,1,68.17,12.31,"Beta","analytics","baja","success"
10.33,9.49,155,1,63.71,32.3,"Alpha","auth","crítica","success"
1.17,3.55,136,1,73.13,18.78,"Alpha","database","media","success"
13.96,12.24,149,3,60.14,15.07,"Delta","auth","media","success"
10.25,17.84,143,0,83.8,27.56,"Alpha","api","media","success"
4.79,10.94,161,1,100,15.51,"Delta","analytics","baja","success"
13.02,15.95,131,3,76.21,3.47,"Gamma","analytics","crítica","success"
6.91,21.17,150,2,83.08,8.09,"Delta","database","media","success"
19.16,39.32,145,1,64.77,20.02,"Alpha","database","baja","success"
9.36,26.14,141,2,99.16,0.07,"Beta","database","crítica","success"
2.48,10.43,156,1,75.97,50.99,"Delta","database","baja","success"
23.6,16.45,147,4,64.11,1.27,"Alpha","database","media","success"
1.79,16.22,149,2,71.88,13.23,"Delta","analytics","media","success"
23.32,12,156,0,72.86,14.47,"Gamma","auth","baja","rolled_back"
31.6,19.07,144,1,73.88,0.42,"Gamma","analytics","baja","success"
9.98,13.6,147,1,92.19,6.15,"Delta","auth","baja","success"
12.13,11.67,118,2,65.21,18.45,"Delta","auth","media","success"
4.4,12.94,152,3,91.81,28.03,"Alpha","analytics","media","rolled_back"
7.28,20.81,165,2,81.07,46.84,"Beta","api","media","failed"
12.62,21.22,157,4,77.41,4.96,"Gamma","analytics","media","success"
8.19,2.08,169,2,95.19,6.9,"Delta","database","media","success"
9.41,28.43,140,5,79.87,46.63,"Beta","auth","baja","success"
22.19,8.52,156,4,79.02,16.08,"Delta","auth","baja","success"
44.21,10.69,153,0,78.44,17.07,"Gamma","auth","crítica","success"
9.78,13.02,156,2,64.87,13.53,"Beta","database","baja","success"
17.54,47.77,156,1,62.37,41.55,"Gamma","ui","media","success"
18.56,17.95,150,1,73.72,9.43,"Delta","ui","baja","success"
14.91,17.78,124,4,100,15.92,"Gamma","ui","media","success"
32.33,43.59,161,1,81.17,15.56,"Alpha","api","baja","failed"
37.38,36.14,173,2,64.7,17.83,"Alpha","analytics","crítica","rolled_back"
5.9,17.05,153,3,77.13,22.32,"Gamma","api","media","failed"
10.03,21.21,150,2,84.89,41.54,"Alpha","ui","alta","success"
8.56,23.71,142,4,78.56,10.81,"Beta","ui","alta","success"
6.94,11.15,124,3,84.03,3.91,"Alpha","analytics","alta","success"
30.26,3.46,124,3,89.64,NA,"Delta","auth","baja","success"
6.8,1.58,165,3,82.6,54.77,"Delta","analytics","media","success"
12.68,3.66,134,4,74.84,3.31,"Gamma","auth","media","success"
30.95,2,162,0,77.37,6.81,"Alpha","auth","baja","success"
17.84,4.59,150,1,74.88,0.14,"Beta","ui","media","success"
11.78,8.97,133,1,79.44,5.18,"Delta","ui","crítica","success"
9.14,14.19,139,3,75.99,21.12,"Alpha","ui","baja","success"
19.77,25.15,143,1,63.06,NA,"Gamma","ui","baja","success"
8.78,4.29,126,3,68.79,30.1,"Alpha","ui","baja","success"
9.43,39.63,134,3,71.59,51.42,"Delta","auth","media","rolled_back"
20.97,39.21,150,1,74.43,10.03,"Gamma","ui","baja","success"
11.56,34.38,163,3,71.7,57.09,"Beta","analytics","baja","failed"
11.63,22.36,166,2,89.13,51.97,"Delta","api","baja","success"
5.57,16.35,167,0,68.26,10.14,"Alpha","analytics","alta","success"
13.63,10.85,139,0,87.16,35.62,"Alpha","auth","media","success"
13.46,15.64,133,0,90.54,9.87,"Gamma","analytics","baja","failed"
21.45,25.95,133,3,90.79,6.03,"Delta","analytics","media","success"
15.68,2.97,133,0,90.8,27.23,"Alpha","api","alta","success"
6.51,20.88,143,3,99.68,6.58,"Delta","ui","baja","failed"
12.47,22.32,153,4,85.14,8.23,"Gamma","api","baja","success"
2.73,36.49,157,3,82.21,45.86,"Gamma","analytics","baja","success"
13.36,22.81,149,0,54.13,20.77,"Delta","ui","alta","failed"
32.36,17.05,162,3,67.29,37.72,"Alpha","analytics","media","failed"
18.03,13.28,136,3,71.71,0.56,"Alpha","auth","alta","success"
10.91,10.47,148,5,71.59,43.24,"Alpha","api","media","success"
11.62,19.85,155,3,68.33,8.12,"Delta","database","media","success"
1.53,32.72,146,3,75.11,10.28,"Alpha","database","baja","success"
10.39,5.81,116,2,54.13,7.26,"Beta","api","baja","success"
27.37,18.97,159,0,82.36,45.97,"Alpha","api","baja","success"
11.53,29.25,147,2,69.89,15.93,"Beta","api","media","success"
9.19,60.06,136,1,80.56,80.74,"Gamma","ui","alta","success"
21.85,4.25,151,0,53.63,3.47,"Delta","ui","alta","success"
17.15,11.63,147,2,71.38,20.59,"Beta","database","alta","success"
11.33,7.13,128,1,85.03,8.47,"Delta","api","baja","failed"
21.42,19.62,156,1,74.5,34.67,"Delta","database","media","rolled_back"
8.01,26.86,158,1,43.53,36.42,"Beta","auth","media","failed"
5.53,33.16,134,2,77.49,57.33,"Delta","api","alta","success"
21.72,21.05,130,3,79.11,21.89,"Beta","ui","baja","success"
25.99,14.85,166,2,62.18,26.92,"Alpha","database","baja","success"
27.58,15.89,128,4,68.06,5.93,"Alpha","database","media","success"
18.5,12.46,144,2,88.69,14.65,"Gamma","auth","baja","success"
8.82,36.48,141,2,88.33,59.26,"Alpha","ui","baja","failed"
2.17,18.16,155,1,81.04,9.15,"Delta","database","baja","success"
1.44,17.93,155,1,59.77,8.34,"Gamma","ui","media","failed"
15.4,40.96,149,1,88.56,0.64,"Beta","api","baja","failed"
6.84,45.39,137,1,95.07,17.34,"Gamma","analytics","baja","success"
25.24,9.77,133,3,87,36.89,"Alpha","api","crítica","success"
15.95,26.31,157,2,96.61,39.33,"Gamma","analytics","media","success"
16.51,4.95,157,3,85.43,6.28,"Delta","auth","baja","success"
7.28,24.56,173,0,61.19,14.88,"Delta","ui","media","failed"
7.88,24.45,172,0,62.62,31.77,"Gamma","ui","baja","failed"
16.78,16.52,150,2,84.05,0.42,"Delta","analytics","baja","success"
18.81,14.15,146,2,62.64,18.66,"Delta","auth","crítica","success"
12.85,17.49,163,2,59.13,58.93,"Gamma","ui","baja","success"
9.58,12.07,143,0,76.55,4.62,"Beta","auth","media","success"
7.75,10.78,158,3,61.11,3.85,"Gamma","api","baja","success"
16.87,34.26,159,4,76.75,3.06,"Delta","auth","baja","failed"
5.31,16.46,145,3,73.69,10.95,"Alpha","api","media","success"
16.47,10.1,163,4,73.15,56.12,"Gamma","database","media","success"
33.58,15.71,162,4,84.1,21.02,"Delta","analytics","baja","success"
17.21,27.08,142,2,65.93,10.05,"Alpha","auth","baja","success"
4.68,36.05,142,0,85.56,7.26,"Beta","ui","baja","success"
12.5,10.31,146,4,55.56,10.34,"Beta","auth","baja","success"
26.22,4.61,142,1,82.2,41.99,"Beta","ui","media","success"
19.1,29.87,133,1,79.46,52.76,"Gamma","ui","baja","failed"
13.44,14.19,153,3,81.46,5.39,"Gamma","database","media","rolled_back"
12.41,18.19,135,1,89.99,17.79,"Alpha","analytics","alta","success"
17.88,11.7,141,2,83.99,19.83,"Delta","analytics","media","rolled_back"
20.82,5.83,158,4,74.21,85.76,"Gamma","database","baja","success"
7.01,25.94,142,5,81.13,10.13,"Beta","database","media","success"
4.19,12.11,143,3,83.87,69.46,"Delta","database","baja","success"
9.3,23.49,171,7,80.02,NA,"Gamma","ui","media","success"
35.99,36.79,171,3,96.43,7.59,"Delta","analytics","alta","success"
17.43,16.99,152,3,62.53,22.69,"Alpha","auth","alta","success"
8.31,31.59,152,2,84.18,6.04,"Gamma","api","crítica","success"
7.53,26.18,147,2,79.64,3.44,"Alpha","ui","baja","success"
36.65,25.79,134,3,100,22.94,"Alpha","ui","baja","success"
36.05,61.07,148,1,72.64,20.42,"Delta","api","alta","success"
19.3,10.05,130,3,67,28.39,"Gamma","api","media","success"
10.35,7.49,152,3,51.39,24.01,"Gamma","api","media","success"
8.44,26.01,140,1,94.77,0.44,"Alpha","analytics","baja","success"
6.08,19.97,156,0,56.46,17.16,"Gamma","analytics","crítica","success"
15.28,40.41,159,2,63.46,73.97,"Gamma","analytics","baja","success"
4.97,6.11,148,3,75.26,3.26,"Alpha","auth","baja","failed"
14.78,11.85,143,2,70.16,1.86,"Gamma","database","baja","success"
24.81,29.69,151,0,57.79,0.63,"Delta","api","baja","success"
16.08,12.19,146,1,88.15,73.88,"Alpha","ui","crítica","success"
17.02,17.64,130,0,89.15,58.22,"Gamma","database","media","success"
7.87,9.45,163,3,81.02,24.49,"Gamma","analytics","media","failed"
11.91,31.71,164,3,61.4,11.08,"Alpha","ui","baja","success"
7.24,20.99,169,1,59.73,0.53,"Beta","database","crítica","success"
23.01,14.1,141,0,82.01,38.59,"Delta","database","crítica","success"
20.69,39.33,136,5,67.3,5.85,"Gamma","api","media","success"
36.24,9.97,141,3,54.19,3.07,"Beta","ui","baja","success"
12.41,5.81,158,3,91.98,10.55,"Beta","api","media","success"
6.92,13.24,134,3,66.77,24.34,"Gamma","database","media","success"
4.78,15.98,156,3,74.33,2.23,"Beta","auth","baja","success"
12.29,27.44,138,1,81.51,18,"Gamma","api","alta","success"
12.34,3.54,125,3,91.93,37.13,"Delta","database","media","success"
13.06,24.72,152,0,91.01,8.69,"Beta","api","baja","success"
24.87,9.22,153,1,79.12,16.38,"Gamma","ui","baja","success"
8.87,6.53,152,1,61.33,4.2,"Beta","analytics","alta","success"
23.59,2.44,145,6,74.6,0.77,"Beta","auth","media","success"
2.63,25.4,150,2,76.49,25.65,"Gamma","api","alta","success"
5.57,17.68,147,3,54.47,3.05,"Gamma","api","alta","success"
34.29,6.16,173,2,50.44,2.73,"Alpha","api","baja","success"
10.93,19.61,159,2,85.22,0.31,"Delta","api","baja","success"
11.42,9.91,141,0,74.14,32.16,"Beta","analytics","crítica","success"
25.08,13.93,173,1,83.3,20.95,"Delta","api","baja","success"
28.89,17.63,173,3,73.52,9.9,"Delta","auth","baja","success"
3.65,12.83,147,3,66.45,36.87,"Delta","analytics","alta","success"
14.68,37.54,153,4,64.12,15.83,"Gamma","api","baja","success"
34.69,20.43,176,0,100,38.94,"Delta","auth","baja","success"
3.89,16.27,149,3,73.17,0.31,"Delta","ui","crítica","success"
10.36,15.56,146,0,68.36,3.81,"Delta","ui","alta","rolled_back"
6.5,11.78,159,4,50.55,21.37,"Delta","ui","baja","success"
26.16,26.83,137,1,73.83,21.74,"Beta","auth","baja","success"
10.99,1.63,168,2,46.15,38.49,"Alpha","analytics","alta","failed"
6.76,7.48,139,2,86.76,22.73,"Beta","api","baja","success"
16.13,4.64,135,4,85.52,6.12,"Delta","auth","baja","success"
21.25,8.37,150,2,67.78,32.89,"Gamma","ui","media","failed"
16.39,16.99,167,2,87.42,27.33,"Delta","auth","media","success"
8.23,16.59,134,3,74.33,11.91,"Gamma","ui","alta","success"
34.25,46.05,168,4,58.17,9.18,"Gamma","api","baja","success"
39.63,17.24,178,5,84.07,24.2,"Delta","ui","baja","failed"
22.45,14.51,179,3,89.76,63.12,"Delta","analytics","crítica","rolled_back"
13.93,17.43,132,2,86.49,73.59,"Alpha","ui","media","success"
14.2,37.51,145,2,73.87,13.91,"Alpha","api","baja","success"
20.56,5.73,159,1,93.59,4.72,"Alpha","api","baja","success"
14.12,0.93,162,2,87.06,57,"Alpha","analytics","alta","success"
28.79,19.97,158,1,NA,9.88,"Beta","ui","media","success"
12.99,20.12,158,1,55.51,27.65,"Gamma","database","baja","success"
13.21,17.05,158,2,62.66,22.24,"Delta","auth","crítica","success"
19.8,9.87,136,5,50.49,6.45,"Gamma","api","alta","success"
13.24,4.66,137,0,90.77,4.57,"Gamma","api","baja","success"
13.1,8.94,161,3,76.11,27.73,"Alpha","database","baja","failed"
11.95,12.66,154,2,77.47,13.25,"Beta","auth","media","success"
9.25,7.18,151,4,52.43,10.99,"Gamma","analytics","alta","success"
7.04,11.1,157,1,85,13.16,"Delta","api","alta","success"
28.2,17.15,170,4,60.34,36.61,"Delta","analytics","alta","failed"
6.78,46.36,160,1,83.95,5.88,"Beta","database","baja","success"
7.78,40.51,144,2,96.78,47.18,"Gamma","analytics","baja","success"
22.56,7.23,166,0,59.19,5.29,"Beta","database","media","success"
17.62,11.13,167,2,64.07,23.91,"Alpha","analytics","alta","success"
14.53,7,159,4,75.59,19.4,"Alpha","database","alta","success"
8.33,24.51,159,2,60.97,7.27,"Alpha","ui","baja","failed"
8.94,40.63,145,4,77.77,12.07,"Delta","analytics","crítica","success"
4.26,19.29,160,4,72.32,17.71,"Gamma","auth","baja","success"
9.86,38.36,171,3,86,3.87,"Alpha","ui","baja","failed"
27.05,39.77,156,4,64.16,5.51,"Delta","auth","alta","success"
25.32,23.61,149,0,92.35,60.23,"Delta","api","media","success"
8.93,25.05,153,2,73.67,8.09,"Gamma","ui","baja","success"
14.94,23.32,146,1,62.84,7.97,"Gamma","ui","alta","failed"
29.63,4.49,167,2,77.5,19.76,"Gamma","ui","alta","success"
6.36,12.92,154,1,56.05,9.33,"Beta","auth","baja","success"
12.92,33.49,174,1,89.71,29.83,"Gamma","api","crítica","success"
23.15,21.7,155,1,61.7,24.31,"Alpha","database","alta","success"
27.74,10.54,163,3,74.09,4.97,"Alpha","api","crítica","success"
28.83,8.62,172,5,60.95,42.32,"Delta","api","media","failed"
8.81,28.06,125,3,58.76,14,"Gamma","auth","alta","success"
18.31,10.37,136,1,89.39,21.72,"Gamma","database","media","success"
3.36,28.38,153,1,63.36,1.28,"Gamma","analytics","alta","success"
13.67,26.71,140,0,66.25,5.21,"Beta","database","media","success"
5.52,19.09,143,3,86.64,35.09,"Alpha","api","media","success"
5.32,25.9,113,1,74.25,45.65,"Alpha","api","media","failed"
13.94,14.67,137,4,81.72,58.62,"Alpha","analytics","alta","success"
10.68,17.05,148,5,86.72,5.14,"Gamma","api","baja","success"
27.77,27.02,164,1,66.45,57.25,"Gamma","auth","media","success"
14.61,46.44,144,2,91,20.31,"Alpha","ui","baja","failed"
16.16,23.33,174,1,74.28,22.26,"Alpha","api","alta","failed"
5.15,3.51,154,1,80.94,27.54,"Delta","ui","alta","success"
7.67,16.25,132,4,70.75,32.62,"Beta","analytics","alta","success"
30.82,11.98,155,3,61.31,1.79,"Delta","auth","media","success"
6.3,39.93,130,1,59.92,40.15,"Delta","api","baja","success"
10.06,6.26,174,2,58.9,4.52,"Gamma","analytics","alta","success"
5.22,16.87,161,0,63.54,3.84,"Beta","ui","baja","success"
24.05,2.61,155,0,74.95,1.42,"Gamma","auth","media","success"
15.39,45.67,167,3,81.89,3.85,"Gamma","database","baja","success"
8.96,16.03,184,1,65.41,24.49,"Beta","auth","media","success"
10.17,24.02,153,2,96.6,33.93,"Alpha","database","media","success"
11.76,18.82,134,2,70.28,27.5,"Alpha","api","media","success"
6.73,46.39,129,2,88.03,7.01,"Delta","database","alta","success"
6.54,9.33,170,1,80.09,5.06,"Gamma","analytics","media","success"
19.61,5.72,135,7,79.05,7.27,"Alpha","analytics","baja","success"
7.68,24.96,165,1,92.25,6.14,"Beta","auth","baja","success"
21.09,41.19,141,1,66.26,10.75,"Delta","analytics","media","success"
14.54,3.02,146,5,73.96,54.33,"Gamma","auth","alta","success"
11.69,21.26,169,1,62.44,4.64,"Gamma","api","alta","success"
18.1,5.19,150,3,72.82,8.7,"Beta","analytics","media","failed"
13.83,13.88,141,3,64.56,4.08,"Delta","analytics","media","success"
18.24,13.56,133,2,61.85,75.19,"Delta","ui","media","success"
7.13,47.23,151,2,83.1,24.82,"Beta","analytics","baja","success"
13.88,9.29,144,3,70.79,8.45,"Delta","database","media","success"
13.79,7.12,146,2,75.81,1.16,"Gamma","analytics","alta","success"
18.43,45.05,150,1,66.38,12.07,"Gamma","auth","crítica","success"
16.17,69.56,166,0,68.82,12.16,"Alpha","api","media","success"
19.43,56.1,136,1,68.33,7.67,"Delta","database","alta","success"
9.23,19.25,152,0,86.05,52.18,"Delta","database","baja","failed"
19.12,22.29,142,1,88.81,2.33,"Beta","database","media","success"
15.42,32.24,160,1,89.15,8.81,"Beta","api","media","success"
23.17,43.77,143,3,83.43,59.36,"Delta","analytics","baja","success"
17.81,10.81,158,2,85.56,48.54,"Beta","api","baja","success"
10.33,56.36,162,1,68.2,26.96,"Beta","ui","media","failed"
6.72,25.06,129,2,68.79,7.95,"Alpha","ui","baja","success"
14.85,43.01,150,5,47.45,3.45,"Beta","api","alta","rolled_back"
11.36,4.29,138,1,65.4,1.59,"Beta","auth","alta","failed"
5.54,3.56,139,3,79.81,2.78,"Gamma","ui","alta","failed"
3.21,13.69,146,0,54.28,14.73,"Delta","api","media","failed"
13.22,12.06,142,6,61.22,25.25,"Alpha","api","baja","failed"
15.41,38.74,164,3,61.64,6.77,"Delta","auth","media","failed"
8.74,8.3,166,2,63.7,26.72,"Alpha","api","alta","success"
7.59,39.51,162,1,72.85,6.95,"Beta","analytics","baja","success"
5.41,18.31,159,4,67.24,NA,"Gamma","analytics","media","success"
30.27,15.9,138,2,53.35,13.45,"Gamma","analytics","alta","success"
15.23,16.22,149,5,76.81,9.8,"Delta","auth","alta","success"
34.01,9.75,134,1,61.03,14.19,"Gamma","analytics","baja","success"
14.03,30.02,164,0,42.88,10.47,"Alpha","ui","baja","failed"
6.12,20.55,164,3,87.02,14.13,"Alpha","database","media","success"
14.05,10.05,161,2,77.65,8.76,"Alpha","ui","baja","success"
11.96,17.73,167,1,71.33,7.19,"Delta","auth","alta","success"
13.03,22.34,149,1,71.92,11.23,"Alpha","analytics","media","rolled_back"
6.11,19.05,139,2,41.86,7.58,"Beta","analytics","crítica","success"
25.04,30.36,170,2,59.54,45.22,"Beta","analytics","baja","success"
13.88,24.98,149,1,68.31,24.57,"Beta","auth","baja","success"
17.49,29.76,161,0,100,2.29,"Gamma","auth","baja","success"
14.37,12.29,170,1,71.22,20.16,"Gamma","auth","alta","success"
8.13,12.44,152,0,72.6,43.73,"Gamma","ui","baja","success"
13.41,9.64,152,0,66.07,3.21,"Delta","database","alta","success"
8.68,19.55,132,3,57.36,35.9,"Beta","auth","alta","success"
17.95,18.65,150,0,89.37,3.94,"Delta","database","media","success"
24.23,15.27,139,4,75.08,31.13,"Alpha","database","media","success"
3.43,16.84,150,2,66.89,12.36,"Delta","api","media","success"
9.68,7.75,150,2,78.16,34.72,"Alpha","database","media","failed"
8.23,39.27,140,4,67.5,3.33,"Alpha","analytics","baja","success"
7.47,26.66,123,1,62.5,27.56,"Delta","ui","baja","success"
12.89,47.66,132,2,74.51,23.51,"Gamma","api","media","success"
15.97,4.9,137,1,79.18,10.44,"Gamma","auth","alta","success"
9.38,20.14,155,2,89.35,27.41,"Beta","analytics","baja","success"
2.81,5.06,164,4,63.42,11.46,"Delta","api","media","success"
5.99,15.98,149,2,63.52,4.65,"Delta","ui","media","success"
26.29,17.58,142,3,81.65,60.07,"Gamma","auth","baja","success"
14.16,18.74,138,2,89.56,20.47,"Beta","analytics","crítica","success"
36.93,17.67,151,3,79.63,15.43,"Delta","ui","baja","success"
19.95,23.39,154,3,72.38,12.62,"Beta","database","media","success"
14.5,24.75,123,2,81.7,11.97,"Alpha","ui","crítica","failed"
12.37,16.5,160,3,86.49,57.2,"Delta","ui","media","success"
20.02,25.04,157,3,59.53,19.44,"Alpha","ui","baja","success"
14.26,26.35,156,1,93.21,26.74,"Delta","auth","crítica","success"
7.97,9.85,156,2,74.55,47.26,"Beta","analytics","media","success"
18.12,42.58,144,2,73.07,32.35,"Delta","ui","baja","success"
7.12,7.76,155,1,71.72,2.15,"Gamma","analytics","crítica","failed"
9.13,19.25,152,2,79.89,34.96,"Alpha","api","media","success"
16.15,6.48,177,0,79.06,49.12,"Gamma","auth","media","success"
9.05,25.74,138,0,86.31,10.74,"Alpha","api","baja","rolled_back"
4.1,14.73,151,2,92.3,7.85,"Delta","auth","media","success"
16.25,13.09,162,0,78.19,7.22,"Beta","auth","media","success"
15.61,10.17,151,4,86.48,47.84,"Beta","auth","baja","failed"
27.58,28.69,155,3,73.14,13.09,"Delta","ui","alta","success"
30.71,20.7,166,0,76.56,9.99,"Gamma","auth","alta","failed"
4.8,21.29,140,4,68.38,8.59,"Delta","auth","crítica","rolled_back"
7.97,16.64,123,2,73.36,31.23,"Alpha","api","crítica","success"
13.59,2.25,166,4,76.78,12.53,"Delta","api","baja","success"
25.35,4.93,173,5,76.98,0.39,"Delta","api","alta","success"
11.33,70.95,156,3,95.93,82.56,"Alpha","ui","baja","success"
7.36,50.34,126,2,54.61,1.2,"Beta","ui","baja","failed"
7.81,18.12,131,0,70.86,21.64,"Beta","api","baja","success"
6.83,13.98,150,0,100,52.91,"Alpha","api","baja","success"
15.41,31.08,161,4,81.9,107.24,"Beta","api","media","success"
18.42,11.58,157,4,53.12,28.11,"Delta","api","baja","success"
15.93,31.04,162,1,84.66,0.73,"Beta","database","baja","success"
4.64,28.56,140,1,60.53,55.62,"Alpha","database","alta","success"
11.66,11.61,179,3,99.94,3.75,"Delta","ui","media","success"
13.22,36.79,152,2,69.5,8.82,"Gamma","ui","baja","success"
14.74,42.88,138,6,91.43,0.21,"Beta","api","baja","rolled_back"
9.96,10.59,136,2,51.69,48.5,"Alpha","api","media","failed"
26.61,2.31,150,0,85.04,53.86,"Alpha","api","baja","success"
6.77,30.88,139,2,65.88,9.1,"Beta","api","baja","failed"
26.89,28.38,152,0,90.89,3.15,"Alpha","database","baja","success"
6.28,25.72,175,2,64.87,25.05,"Delta","api","crítica","success"
12.53,17.9,163,1,70.28,27.63,"Delta","api","baja","success"
14.66,27,142,1,65.59,16.37,"Beta","ui","baja","success"
27.26,40.08,160,5,76.88,0.33,"Beta","auth","baja","success"
13.73,12.59,146,3,67.9,44.72,"Beta","analytics","alta","success"
19.56,18.08,155,2,85.06,26.07,"Alpha","ui","baja","success"
1.21,12.26,175,2,72.11,40.43,"Alpha","ui","alta","success"
2.67,10.87,169,2,88.07,17.07,"Alpha","api","media","success"
10,8.92,167,0,78.59,11.28,"Alpha","analytics","media","success"
9.54,9.54,161,3,81.15,34.82,"Beta","database","media","success"
23.72,24.3,135,5,90.01,22.06,"Beta","ui","alta","success"
30.57,53.75,160,2,68.9,19.77,"Gamma","database","alta","success"
5.6,24.42,144,3,77.97,2.11,"Delta","api","alta","success"
7.73,19.57,169,2,70.09,8.15,"Beta","auth","baja","success"
7.65,3.06,143,3,71.18,1.58,"Beta","api","media","success"
4.31,45.78,149,3,79.24,43.45,"Gamma","api","media","success"
23.67,2.18,160,1,78.36,68.01,"Alpha","ui","media","success"
7.12,9.02,147,5,61.3,26.76,"Gamma","ui","baja","success"
18.72,30.11,157,3,75.92,16.16,"Alpha","analytics","baja","success"
14.01,30,132,2,53.09,8.35,"Delta","auth","alta","success"
12.94,2.78,165,0,92.76,5.98,"Alpha","auth","baja","success"
4.73,17.23,149,2,71.64,50.75,"Alpha","ui","media","success"
2.1,9.31,149,4,84.83,27.05,"Delta","database","alta","success"
6.85,11.85,174,1,70.66,35.14,"Gamma","ui","baja","success"
8.06,31.99,168,5,68.27,4.2,"Gamma","api","media","success"
8.61,6.96,135,1,60.5,49.29,"Beta","database","baja","failed"
6.21,15.38,127,0,58.08,39.33,"Alpha","ui","alta","success"
7.81,21.12,150,2,73.61,21.06,"Gamma","api","media","success"
18.43,2.76,168,1,71.23,12.75,"Alpha","ui","media","success"
19.99,19.3,144,2,56.35,9.77,"Beta","analytics","baja","success"
13.49,22.9,148,2,70.77,11.75,"Alpha","analytics","media","success"
7.05,17.65,140,2,66,6.18,"Gamma","auth","alta","failed"
12.41,17.22,132,4,60.02,69.51,"Delta","api","media","success"
30.48,44.82,169,0,77.34,39.57,"Delta","analytics","media","failed"
16.8,7.94,155,3,64.79,11.26,"Delta","auth","baja","success"
31.53,19.71,152,1,81.54,18.37,"Delta","api","media","success"
8.15,10.42,126,3,93.01,34.95,"Delta","analytics","baja","success"
16.13,15,150,4,58.11,77.36,"Delta","database","media","success"
3.08,8.81,153,2,88.82,4.98,"Gamma","database","baja","failed"
30.44,26.34,148,3,94.4,20.12,"Gamma","analytics","alta","success"
23.55,9.51,152,5,90.2,NA,"Beta","analytics","alta","success"
22.72,24.32,150,2,63.86,13.16,"Gamma","ui","baja","success"
25.76,9.29,147,0,100,9.54,"Delta","database","alta","failed"
7.47,45.14,147,2,85.66,8.37,"Alpha","ui","media","success"
22.28,6.12,148,0,81.54,25.38,"Beta","database","alta","success"
12.27,45.95,143,2,61.2,9.85,"Delta","database","crítica","failed"
24.31,2.37,128,3,64.03,18,"Delta","auth","alta","success"
5.43,50.21,185,1,68.87,45.22,"Beta","database","media","success"
12.75,5.4,144,3,55.8,35.14,"Alpha","database","baja","success"
11.45,9.94,158,2,75.98,19.09,"Delta","ui","media","success"
7.13,8.14,156,3,84.35,17.84,"Gamma","database","media","success"
38.31,21.93,151,2,63.59,3.31,"Beta","api","baja","failed"
11.24,0.99,122,1,83.97,45.47,"Delta","ui","baja","success"
17.37,35.68,158,1,60.53,26.13,"Beta","ui","alta","success"
13.99,16.96,151,4,70.64,37.29,"Alpha","ui","media","rolled_back"
6.99,11.24,157,3,69.24,19.79,"Alpha","ui","baja","success"
19.6,1.6,149,1,59.04,10.07,"Gamma","auth","media","failed"
15.53,28.81,148,2,88.35,10.83,"Delta","auth","baja","success"
7.75,14.3,142,2,60.46,34.75,"Delta","analytics","alta","success"
7.62,38.86,154,2,93.3,2.54,"Delta","analytics","crítica","success"
7.74,10.09,152,2,45.77,7.15,"Beta","analytics","crítica","success"
10.34,28.55,160,2,68.15,60.1,"Alpha","auth","media","success"
8.99,13.1,154,3,46.76,18.99,"Delta","ui","baja","success"
23.12,11.49,146,1,75.83,11.39,"Gamma","ui","baja","success"
3.36,21.62,146,1,81.12,28.67,"Delta","ui","baja","success"
8.02,16.45,146,2,62.21,3.31,"Alpha","database","alta","success"
23.81,33.8,131,2,77.51,21.19,"Gamma","database","baja","success"
26.3,50.23,156,0,66.31,105.21,"Gamma","ui","alta","success"
10.25,9,141,0,97.79,NA,"Gamma","analytics","media","success"
11.61,17.65,136,3,86.64,3.73,"Delta","api","media","success"
1.83,62.85,151,1,68.74,17.8,"Beta","api","media","success"
14.64,23.12,139,3,77.86,15.78,"Delta","api","media","success"
9.98,2.37,166,0,74.55,85.14,"Gamma","analytics","baja","success"
8.88,6.52,128,2,65.1,11.21,"Delta","analytics","crítica","rolled_back"
23.91,59.15,146,1,73.67,101.32,"Gamma","database","media","success"
39.42,7.61,158,1,77.87,8.46,"Alpha","auth","alta","success"
16.45,7.19,149,3,68.52,6.65,"Gamma","auth","alta","success"
11.76,45.88,172,4,68.35,24.47,"Alpha","ui","media","success"
4.61,27.31,144,3,65.08,24.13,"Delta","database","baja","success"
29.8,29.06,170,4,70.01,1.25,"Alpha","analytics","alta","success"
10.7,20.96,137,1,87.29,17.93,"Delta","ui","baja","success"
37.08,4.38,149,0,90.97,6.71,"Delta","database","baja","success"
18.28,29.56,146,4,100,48.53,"Alpha","analytics","baja","success"
20.7,12.36,140,2,69.58,7.19,"Alpha","database","baja","failed"
8.08,15.39,166,1,93.59,7.06,"Delta","ui","media","rolled_back"
12.17,30.11,142,2,70.39,3.13,"Beta","ui","alta","success"
4.33,11.2,170,2,63.08,13.98,"Beta","auth","alta","success"
32.01,2.25,155,2,74.63,5.78,"Delta","ui","media","failed"
18.17,24.19,144,2,70.58,7.45,"Gamma","ui","baja","failed"
5.92,37.13,147,0,97.53,13.16,"Alpha","auth","baja","failed"
2.2,13.1,138,1,79.74,11.05,"Alpha","database","alta","success"
13.4,20.51,137,0,54.97,16.9,"Beta","api","alta","rolled_back"
23.84,47.34,119,6,66.85,42.99,"Gamma","database","baja","success"
36.56,49.07,161,3,86.25,48.66,"Alpha","analytics","alta","success"
13.19,33.15,183,1,78.66,14.06,"Gamma","ui","baja","success"
24.04,6.55,144,2,81.93,9.88,"Gamma","analytics","baja","success"
41.77,6.88,151,2,82.07,42.19,"Delta","api","crítica","success"
4.22,64.5,147,3,82.07,7.82,"Beta","auth","media","success"
21.42,8.57,145,3,70.78,74.84,"Alpha","api","alta","success"
3.12,26.39,137,2,88.95,5.48,"Gamma","auth","baja","success"
10.04,7.21,163,4,55.68,4.19,"Delta","database","media","success"
15.72,3.23,142,2,45.39,9.58,"Alpha","ui","baja","failed"
4.28,26.38,147,2,50.92,NA,"Delta","database","baja","success"
7.94,14.85,141,6,82.52,28.22,"Gamma","auth","baja","success"
8.93,27.25,139,2,90.85,22.44,"Gamma","database","media","success"
10.17,7.05,147,1,73.87,71.82,"Delta","auth","alta","failed"
23.49,32.7,155,2,72.09,0.37,"Delta","ui","baja","success"
11.08,34.58,174,1,82.23,5.3,"Beta","analytics","baja","success"
11.34,4.65,166,0,70.3,9.29,"Alpha","database","media","success"
5.72,4.48,141,1,86.45,4.2,"Delta","auth","baja","success"
6.29,11.1,165,1,76.38,30.35,"Delta","database","baja","success"
20.63,14.13,151,1,71.69,16.91,"Beta","database","baja","success"
23.47,19.96,140,3,59.96,7.72,"Beta","api","alta","success"
23.2,10.48,148,3,94.31,23.17,"Beta","auth","baja","success"
13.8,18.73,156,1,68.81,2.24,"Alpha","database","alta","success"
14.49,10.87,155,2,47.48,62.58,"Beta","api","media","success"
11.02,35.17,144,3,68.7,60.28,"Beta","database","baja","failed"
35.38,20.67,161,0,65.42,30.41,"Beta","api","media","success"
10.19,7.41,152,0,49.53,8.4,"Alpha","database","baja","success"
15.46,27.93,155,3,84.92,17.89,"Delta","database","baja","success"
9.98,21.86,153,0,80.02,15.66,"Delta","analytics","alta","success"
14.07,12.33,149,1,90.67,41.66,"Alpha","ui","baja","success"
14.11,19.14,157,1,66.34,1.29,"Gamma","ui","media","failed"
8.98,6.03,145,1,64.42,11.52,"Alpha","database","baja","success"
9.39,10.45,138,1,50.54,10.09,"Delta","analytics","crítica","success"
8.35,34.08,138,2,94.6,22.92,"Gamma","auth","baja","success"
4.4,15.86,133,1,87.12,16.34,"Gamma","api","media","success"
18.36,12.08,138,1,67.33,5.44,"Gamma","analytics","media","success"
2.33,23.19,129,0,58.74,40.77,"Beta","ui","media","success"
24.05,9.75,157,5,71.68,10.18,"Gamma","analytics","baja","failed"
19.84,23.45,167,5,86.25,1.5,"Alpha","api","media","success"
4.58,21.72,136,0,82.4,50.92,"Beta","auth","media","success"
9.9,26.86,160,4,87.93,4.44,"Delta","ui","alta","failed"
20.63,52.17,132,2,59.11,23.97,"Beta","ui","media","success"
6.1,14.85,133,1,97.31,1.79,"Delta","analytics","baja","failed"
17.34,9.49,149,1,91.55,36.76,"Delta","api","media","success"
3.04,18.43,158,3,72.8,0.39,"Delta","ui","alta","success"
22.34,30.45,156,3,80.75,19.19,"Gamma","auth","baja","success"
5.58,24.54,158,2,83.87,2.92,"Beta","analytics","media","failed"
26.53,41.9,151,4,51.24,4.08,"Delta","api","baja","success"
20.52,8.84,140,1,76.2,90.03,"Alpha","api","baja","failed"
7.26,33.31,144,4,76.7,32.3,"Beta","auth","media","success"
8.25,12.96,147,0,NA,1.3,"Delta","auth","media","success"
41.45,6.23,158,5,88.46,4.46,"Alpha","api","media","success"
16.89,32.86,165,3,NA,0.42,"Delta","api","baja","success"
3.55,7.33,163,3,81.99,25.29,"Gamma","api","media","success"
13.09,6.54,147,0,63.94,61.63,"Delta","database","media","success"
5.54,64.52,153,4,87.08,9.53,"Gamma","analytics","baja","failed"
10.34,65.16,154,3,77.45,18.13,"Alpha","analytics","baja","failed"
19.72,20.29,142,0,41.19,2.55,"Beta","api","baja","success"
6.57,47.16,149,1,90.63,3.32,"Delta","auth","alta","success"
5.05,30.77,152,0,74.63,15.79,"Beta","ui","baja","failed"
6.68,26.63,159,0,70.45,0.78,"Delta","analytics","alta","success"
11.19,14.97,160,3,55.24,0.35,"Alpha","api","baja","failed"
16.13,30.65,132,1,78.29,10.12,"Delta","database","crítica","success"
19.73,90.15,160,1,68.16,14.29,"Alpha","auth","alta","success"
20.84,8.71,137,5,69.91,4.6,"Beta","database","alta","success"
17.18,2.11,143,2,67.35,5.78,"Gamma","database","alta","rolled_back"
38.25,12.92,148,0,87.75,6.33,"Delta","auth","crítica","rolled_back"
8.19,7.22,138,1,78.34,35.03,"Delta","ui","media","success"
38.13,11.69,156,2,96.59,27.21,"Beta","database","media","success"
8.39,11.59,165,3,100,19.49,"Delta","database","baja","success"
14.59,7.17,167,3,81.86,1.45,"Alpha","auth","media","success"
22.1,4.77,150,3,74.53,43.67,"Delta","ui","alta","success"
18.76,2.5,135,1,56.39,7.58,"Beta","api","baja","success"
38.75,8.44,148,0,68.92,60.43,"Gamma","api","crítica","success"
33.33,33.55,149,1,84.81,16.31,"Alpha","database","media","rolled_back"
23.21,11.24,153,2,81.76,4.26,"Gamma","database","alta","success"
1.66,42.34,157,2,87.97,4.49,"Delta","analytics","alta","success"
9.86,14.64,140,2,69.2,8.39,"Gamma","analytics","media","failed"
19.88,1.51,163,2,77.47,9.58,"Delta","ui","crítica","success"
7.44,4.59,142,3,81.72,4.37,"Gamma","analytics","crítica","success"
18.31,5.87,131,0,62.17,1.07,"Beta","ui","media","success"
21.19,13.36,144,1,75.98,2.51,"Beta","database","baja","failed"
14.91,8.05,162,2,69.91,4.16,"Delta","analytics","baja","success"
29.36,8.6,144,3,79.04,17.66,"Gamma","database","baja","success"
31.77,15.11,150,4,72.34,1.49,"Delta","auth","media","success"
0.88,32.47,151,3,63.94,6.66,"Alpha","auth","alta","success"
17.03,20.13,143,3,57.49,13.97,"Gamma","analytics","crítica","success"
11.08,23.58,126,0,78.13,27.81,"Alpha","api","alta","success"
0.5,57.42,145,1,79.44,9.63,"Gamma","analytics","baja","success"
4.08,23.36,176,0,80.21,75.89,"Gamma","analytics","baja","success"
28.57,26.51,151,1,63.26,0.84,"Alpha","api","media","success"
16.35,8.8,137,0,79.43,29.41,"Gamma","database","alta","success"
20.03,43.73,147,2,54.84,0.03,"Delta","database","baja","success"
23.31,8.1,172,2,70.46,0.31,"Alpha","api","crítica","success"
6.21,5.73,135,4,64.5,18.66,"Beta","database","media","success"
11.78,51.96,167,5,75.18,9.09,"Alpha","analytics","baja","success"
12.69,3.45,171,2,79.25,6,"Beta","analytics","media","success"
12.68,15.29,135,1,74.93,41.24,"Alpha","ui","media","success"
19.23,34.84,148,3,79.96,20.84,"Gamma","api","baja","success"
14.52,5.8,160,1,77.92,0.71,"Delta","api","media","failed"
13.64,6.84,139,1,63.98,5.83,"Gamma","auth","baja","success"
25.34,14.92,155,1,71.1,0.62,"Delta","ui","media","success"
7.28,6.28,158,2,79.73,21.34,"Gamma","api","baja","success"
9.56,17.1,142,1,55.82,8.69,"Gamma","database","media","success"
7.36,13.66,156,4,70.31,8.81,"Beta","ui","alta","success"
17.42,27.08,152,1,62.5,17.29,"Alpha","database","alta","success"
9.07,38.56,158,3,83.1,11.61,"Delta","analytics","baja","success"
15.96,15.54,145,1,73.41,51.89,"Beta","database","baja","success"
2.21,7.92,168,4,65.88,40,"Beta","database","baja","success"
13.58,12.43,124,1,82.47,45.11,"Alpha","api","alta","failed"
19.82,2.62,155,2,68.34,0.59,"Beta","ui","baja","success"
24.22,1.62,168,0,73.83,17.5,"Alpha","auth","media","success"
9.06,7.55,165,5,71.48,34.31,"Alpha","analytics","baja","success"
15.83,19.45,158,3,NA,6.99,"Alpha","ui","alta","success"
25.85,43.65,140,4,74.45,12.32,"Alpha","ui","alta","success"
11.13,27.7,171,3,70.46,1.3,"Alpha","ui","alta","success"
12.45,16.61,146,0,83.08,1.26,"Gamma","auth","baja","success"
13.35,11.41,132,1,76.44,7.29,"Delta","api","baja","failed"
23.98,1.88,159,0,74.09,21.84,"Beta","api","media","success"
4.95,49.36,139,2,66.62,11.58,"Delta","analytics","baja","success"
17.45,6.68,146,2,93.12,9.82,"Alpha","auth","media","success"
35.92,14.14,155,3,70.52,9.12,"Beta","ui","media","success"
18.14,4.49,138,4,54.66,7.66,"Beta","api","baja","success"
44.21,4.75,144,2,84.96,7.93,"Delta","analytics","media","success"
24.11,16.69,149,2,75.72,8.98,"Delta","api","media","success"
16.19,30.53,139,2,100,2.44,"Alpha","api","baja","success"
17.74,15.1,148,1,71.45,11.03,"Alpha","auth","media","success"
15.99,13.35,160,1,89.7,6.01,"Delta","ui","alta","failed"
5.07,23.45,166,3,65.25,2.71,"Beta","auth","baja","success"
3,17.69,165,4,61.06,1.81,"Beta","api","media","failed"
5.72,13.85,143,1,90.11,0.19,"Gamma","database","baja","success"
8.03,6.88,174,0,75.54,21.59,"Delta","auth","baja","success"
19.72,34.72,139,2,53.48,12.74,"Alpha","auth","baja","success"
29.72,23.19,154,5,67.98,17.23,"Beta","auth","alta","success"
14.41,27.71,156,0,69.32,4.51,"Gamma","ui","crítica","failed"
32.96,30.67,149,0,87.79,28.12,"Beta","api","media","success"
6.86,23.59,138,0,NA,28.09,"Alpha","auth","baja","success"
31.57,3.21,145,2,59.42,12.79,"Alpha","api","baja","success"
21.85,22.3,137,1,62.39,26.87,"Delta","ui","crítica","success"
12.86,3.94,159,1,81.74,16.68,"Alpha","analytics","alta","rolled_back"
4.8,31.82,148,3,89.24,81.13,"Beta","api","crítica","success"
9.3,8.72,165,3,79.49,22.37,"Gamma","database","media","success"
11.08,10.12,170,2,49.82,0.04,"Beta","ui","crítica","success"
8.6,45.89,151,1,84.2,5.91,"Gamma","api","crítica","failed"
14.01,40,144,4,86.82,2.88,"Alpha","auth","media","success"
36.9,24.61,147,3,70.98,0.42,"Gamma","auth","baja","success"
12.1,12.47,162,4,90.22,10.52,"Delta","analytics","alta","success"
11.34,11.6,155,1,85.67,26.74,"Alpha","database","media","success"
15.52,19.31,148,2,46.12,16.21,"Beta","analytics","media","failed"
10.49,12.16,131,1,73.89,14.97,"Beta","ui","baja","success"
16.24,14.05,125,1,68.21,3.76,"Alpha","api","media","success"
7.51,18.56,161,4,38.17,53.12,"Gamma","database","baja","success"
14.74,31.02,149,1,68.26,15.95,"Gamma","database","baja","success"
27.8,22.09,157,0,86.19,48.74,"Delta","ui","baja","success"
5.5,12.26,140,3,73.52,0.01,"Alpha","auth","baja","success"
38.62,13.26,161,2,77.66,32.75,"Delta","database","baja","success"
6.63,15.41,161,2,75.08,28,"Gamma","api","baja","success"
16.25,34.03,147,3,93.18,4.35,"Gamma","analytics","alta","success"
11.59,11.4,166,2,80.83,11.35,"Gamma","auth","baja","success"
11.2,10.77,162,2,77.13,15.25,"Alpha","auth","baja","success"
26.94,11.46,159,1,79.2,NA,"Delta","analytics","media","rolled_back"
21.65,18.71,148,1,74.57,3.01,"Delta","api","alta","success"
9.89,24.12,176,0,79.27,21.72,"Delta","api","baja","failed"
15.34,23.95,157,2,63.75,1.06,"Delta","analytics","baja","failed"
18.09,2.85,163,3,78.65,5.36,"Delta","database","media","success"
10.09,10.36,140,2,67.3,NA,"Alpha","analytics","baja","success"
12.23,2.58,162,2,61.31,5.56,"Alpha","ui","media","success"
10.46,15.38,168,1,86.02,43.3,"Alpha","auth","media","success"
18.65,62.93,152,6,76.14,54.07,"Alpha","auth","baja","success"
10.19,18.51,141,3,72.06,15.79,"Gamma","api","baja","success"
18.9,2.56,151,3,72.66,58.06,"Alpha","ui","media","success"
10.96,9.26,162,1,52.44,4.99,"Alpha","auth","baja","success"
2.7,8.14,154,4,85.89,20.54,"Alpha","analytics","baja","success"
3.93,40.11,157,1,73.06,20.47,"Delta","auth","media","success"
9.05,15.91,172,3,99.87,3.79,"Beta","analytics","baja","success"
9.67,18.34,154,2,47.6,11.32,"Alpha","database","baja","success"
18.24,24.93,149,1,80.45,0.19,"Alpha","database","baja","rolled_back"
14.77,17.27,155,2,63.63,0.98,"Gamma","ui","media","success"
20.56,40.01,145,2,80.38,10.51,"Gamma","analytics","alta","failed"
24.94,30.23,150,2,75.46,26.23,"Gamma","auth","crítica","success"
11.95,27.34,170,3,67.98,13.55,"Gamma","analytics","alta","success"
32.73,15.57,140,2,75.52,4.3,"Beta","api","crítica","success"
10.26,27.5,161,3,75.5,3.42,"Delta","database","baja","failed"
12.94,38.61,149,4,80.2,0.22,"Alpha","ui","baja","success"
31.18,11.33,145,5,72.83,34.9,"Delta","analytics","media","success"
12.56,34.16,165,2,76.4,23.46,"Gamma","database","baja","success"
11.53,34.43,146,1,89.11,55.73,"Beta","database","media","success"
5.37,13.49,161,3,82.44,20.46,"Delta","database","baja","success"
2.92,20.42,134,3,52.49,16.89,"Gamma","ui","media","failed"
5.74,23.12,162,8,64.68,0.72,"Delta","ui","media","success"
14.13,44.67,146,1,86.3,12.47,"Beta","api","media","success"
8.42,16.92,149,1,78.33,11.82,"Beta","ui","media","success"
20.3,19.6,151,3,61.67,2.01,"Gamma","analytics","media","success"
3.87,5.11,155,2,88.52,21.27,"Delta","api","baja","success"
24.72,12.08,156,3,89.91,31.72,"Alpha","auth","baja","success"
17.4,15.87,155,1,84.36,12.39,"Delta","analytics","media","success"
18.41,20.6,153,1,59.12,NA,"Gamma","analytics","baja","failed"
16.13,11.89,151,3,89.75,23.3,"Gamma","auth","baja","success"
30.85,16.88,143,1,65.4,28.18,"Delta","api","baja","failed"
6.03,5.72,138,0,100,1.45,"Alpha","database","media","success"
11.14,5.69,146,2,64.83,5.26,"Alpha","analytics","media","success"
12.9,6.34,147,4,71.4,43.13,"Delta","database","media","success"
31.01,16.98,132,5,75.21,56.9,"Beta","ui","media","success"
14.42,22.07,163,3,76.84,7.5,"Delta","auth","media","failed"
12.27,36.65,146,1,66.33,24.88,"Gamma","database","media","success"
8.84,3.28,145,2,80.76,NA,"Beta","analytics","baja","success"
8.55,26.69,163,2,66.75,64.72,"Alpha","ui","baja","success"
6.98,5.4,150,1,74.74,5.8,"Delta","ui","alta","success"
8.44,9.98,138,4,NA,33.6,"Alpha","analytics","media","success"
21.92,40.04,155,4,76.39,45.05,"Alpha","database","crítica","success"
18.22,6.11,163,0,85.19,1.24,"Delta","analytics","media","success"
8.72,13.58,162,1,73.42,5.5,"Delta","api","baja","success"
27.12,30.82,148,2,59.14,1.14,"Alpha","api","media","success"
21.9,18.37,155,3,78.28,13.13,"Delta","auth","media","success"
23.51,51.94,148,2,60.99,27.29,"Alpha","database","baja","failed"
10.64,61.02,159,1,55.65,15.4,"Delta","auth","baja","success"
10.61,30.55,142,3,80.55,7.33,"Beta","auth","alta","success"
6.82,47.01,155,4,88.41,11.19,"Alpha","analytics","baja","failed"
29.63,45.91,145,0,94.54,1.19,"Beta","ui","media","success"
10.62,1.2,142,1,67.85,14.31,"Beta","auth","crítica","success"
12.52,44.86,162,1,75.7,17.33,"Beta","ui","baja","success"
23.6,2.01,170,2,83.95,3.7,"Gamma","api","baja","failed"
7.65,8.62,140,4,100,23.27,"Beta","analytics","baja","success"
5.97,12.25,148,2,86.05,7.66,"Gamma","api","crítica","success"
19.44,16.21,172,1,50.84,17.89,"Gamma","auth","alta","success"
5.14,15.01,136,3,90.98,7.91,"Gamma","api","media","failed"
11,7.48,143,1,77.52,4.63,"Delta","auth","media","success"
7.35,8.45,154,2,92.82,5.46,"Gamma","analytics","baja","success"
4.58,19.15,149,1,76.88,4.06,"Gamma","auth","media","success"
19.24,3.38,156,1,95.97,22.87,"Delta","auth","baja","success"
11.18,6.57,166,4,74.73,18.86,"Beta","auth","media","success"
46.37,14.18,154,0,89.54,6.47,"Delta","database","media","success"
27.22,22.96,155,0,82.99,13.54,"Alpha","analytics","media","failed"
15.45,11.11,144,1,100,39.35,"Alpha","api","alta","failed"
9.55,10.37,136,2,68.95,24.02,"Gamma","database","baja","success"
10.63,5.26,152,4,73.81,10.11,"Gamma","analytics","media","success"
10.26,10.09,134,2,47.43,18.96,"Gamma","database","baja","success"
15.31,12.66,169,0,94.4,30.59,"Alpha","database","media","success"
18.57,69.59,171,3,72.9,11.26,"Alpha","api","baja","success"
16.95,0.54,133,4,100,1.27,"Delta","auth","crítica","rolled_back"
14.66,5.32,130,4,67.39,0.44,"Alpha","api","alta","success"
25.35,10.27,152,3,90.8,23.47,"Beta","api","media","success"
3.6,10.21,155,4,78.04,23.65,"Delta","analytics","baja","success"
10.03,43.6,170,4,94.2,22.09,"Alpha","api","alta","success"
12.05,30.09,149,2,75.69,14.01,"Gamma","ui","baja","failed"
16.74,18.27,147,2,89.29,11.18,"Alpha","ui","media","success"
6.45,24.36,143,1,86.6,8.24,"Beta","auth","media","success"
32.47,9.19,160,4,82.45,16.46,"Gamma","analytics","baja","rolled_back"
13.6,44.37,147,2,89.31,9.24,"Beta","analytics","alta","success"
30,19.94,169,4,68.99,0.97,"Delta","api","baja","success"
13.18,13.78,146,0,72.14,1.86,"Gamma","api","alta","success"
43.06,6.5,124,1,62.36,21.35,"Gamma","api","media","success"
16.72,35.08,136,2,87.66,16.33,"Beta","analytics","baja","success"
6.45,20.38,135,0,73.92,62.32,"Delta","api","baja","failed"
12.44,70.21,145,2,64.11,5.72,"Delta","auth","media","success"
9.56,39.91,156,0,61.46,9.85,"Alpha","auth","alta","rolled_back"
7.96,6.57,170,1,67.82,15.51,"Beta","ui","baja","success"
12.55,33.84,156,2,87.11,0.13,"Beta","auth","baja","failed"
2.31,7.52,153,2,79.96,21.83,"Gamma","database","crítica","success"
10.24,7.41,171,0,83.34,17.86,"Beta","analytics","baja","success"
30.26,10.68,144,4,82.25,124.29,"Alpha","database","media","success"
5.92,54.14,152,3,96.06,9.42,"Delta","api","media","success"
12.15,10.52,137,3,78.43,33.13,"Gamma","api","media","failed"
10.03,20.36,159,3,63.84,23.98,"Delta","api","alta","success"
13.6,59.44,122,2,66.76,1.02,"Gamma","api","alta","success"
5.78,10.87,141,6,71.29,86.15,"Beta","analytics","baja","success"
19.37,8.21,156,0,61.92,58.42,"Delta","api","baja","success"
9.6,59.94,161,1,55.23,17.94,"Alpha","auth","media","rolled_back"
42.69,32.63,159,1,88.33,46.79,"Gamma","ui","baja","success"
34.69,11.74,181,7,83.71,21.96,"Delta","ui","media","success"
11.83,17.73,148,1,86.08,18.49,"Delta","analytics","baja","success"
9.5,30.16,155,3,72.33,NA,"Alpha","analytics","baja","success"
20.14,41.81,151,3,56.06,18.11,"Alpha","analytics","crítica","success"
12.04,35.71,145,1,69.74,17.13,"Beta","analytics","baja","success"
6.82,6.54,158,3,66.39,43.42,"Alpha","analytics","baja","success"
11.73,13.43,138,3,84,15.97,"Alpha","auth","media","success"
13.1,14.12,136,1,77.19,8.21,"Delta","database","media","success"
11.97,7.04,175,4,67.03,54.72,"Delta","ui","baja","success"
7.95,18.91,140,2,72.51,30.91,"Alpha","api","alta","success"
18.79,17.58,151,1,54.34,40.48,"Beta","analytics","media","success"
10.69,4.84,142,4,80.73,20.69,"Alpha","database","media","success"
22.4,18.63,133,2,76.62,9.77,"Alpha","database","media","success"
16.47,53.9,147,2,83.95,30.99,"Alpha","database","baja","success"
6.24,10.87,160,2,88.16,1.91,"Gamma","api","baja","success"
24.78,9.29,122,3,100,22.46,"Gamma","ui","baja","rolled_back"
15,8.9,139,1,97.95,3.68,"Gamma","database","alta","failed"
8,21.28,150,4,67.1,15.89,"Gamma","ui","media","success"
4.84,38.41,158,4,66.13,15.2,"Alpha","ui","baja","success"
31.88,23.63,127,1,68.14,4.78,"Gamma","api","media","success"
22.12,7.24,137,3,57.41,23.33,"Gamma","analytics","baja","success"
9.24,6.19,152,1,53.78,11.75,"Alpha","api","baja","success"
5.98,6.92,142,1,76.25,54.88,"Beta","analytics","baja","failed"
19.99,9.06,146,5,72.75,18.41,"Beta","analytics","baja","failed"
8.31,12.98,134,0,60.87,0.54,"Beta","analytics","media","failed"
13.93,20.81,142,0,57.31,21.23,"Delta","api","baja","success"
14.39,4.7,149,2,74.46,1.24,"Gamma","analytics","media","success"
15.24,30.54,139,1,65.27,9.5,"Alpha","api","alta","success"
5.99,21.12,146,3,65.44,5.25,"Beta","analytics","baja","success"
8.13,11.74,159,3,68.86,32.33,"Delta","analytics","media","success"
11.34,7.22,154,1,66.68,7.48,"Gamma","auth","baja","success"
30.6,6.36,161,2,77.23,42.85,"Beta","database","media","rolled_back"
8.09,13.13,154,2,85.98,32.12,"Gamma","ui","media","success"
32.88,10.78,180,1,66.58,21.97,"Beta","analytics","media","success"
33.01,23.15,164,0,60.83,18.31,"Alpha","auth","baja","failed"
12.71,18.64,172,1,83.13,22.41,"Delta","auth","media","success"
5.77,7.87,156,5,68.07,2.18,"Gamma","database","media","success"
10.88,60.21,137,2,97.72,32.36,"Delta","ui","alta","success"
23.49,1.42,138,2,89.91,7,"Alpha","analytics","alta","success"
6.32,13.42,151,0,78.48,1.54,"Gamma","analytics","crítica","success"
18.78,42.04,155,2,81.03,14.47,"Gamma","database","baja","success"
30.24,13.51,144,2,66.76,9.41,"Delta","api","media","success"
27.98,12.65,144,4,70.56,31.9,"Gamma","analytics","baja","success"
11.61,5.78,144,3,83.44,11.83,"Beta","database","alta","success"
7.41,26.77,148,3,77.39,36.11,"Gamma","api","baja","success"
3.42,2.23,147,2,84.64,14.98,"Alpha","analytics","media","success"
4.53,12.2,147,4,60.8,27.93,"Alpha","analytics","alta","success"
28.32,14,150,3,64.87,12.63,"Delta","auth","alta","success"
11.17,3.13,154,2,61.56,1.6,"Alpha","api","crítica","success"
9.39,2.35,150,0,85.16,50.82,"Alpha","ui","media","rolled_back"
21.52,42.4,145,4,68.24,51.2,"Beta","database","media","success"
5.53,16.75,138,2,68.04,5.1,"Gamma","api","baja","rolled_back"
10.1,15.53,152,2,75.68,51.47,"Beta","database","baja","success"
11.9,8.77,139,1,90.47,31.61,"Alpha","api","media","success"
7.14,27.49,159,1,67.58,0.06,"Delta","auth","baja","success"
3.41,39.71,153,1,86.27,13.23,"Gamma","api","media","success"
9.38,26.48,152,3,83.32,18.52,"Gamma","ui","alta","success"
11.31,3.76,168,1,65.98,13.47,"Delta","auth","media","success"
23.63,10.1,158,2,86.6,37.47,"Alpha","ui","media","success"
20.82,24.82,140,1,88.4,1.58,"Alpha","database","baja","rolled_back"
9.57,10.75,146,1,88.53,11.4,"Delta","analytics","baja","success"
13.36,11.3,151,0,76.7,1.63,"Beta","api","baja","success"
16.05,18.73,151,2,58.76,4.1,"Delta","ui","media","success"
12.62,5.12,178,0,77.07,52.35,"Beta","database","alta","success"
12.57,16.44,132,1,68.44,29.3,"Gamma","database","baja","success"
10.07,35.96,172,3,76.56,2.77,"Alpha","ui","baja","success"
13.61,32.37,148,2,73.28,65.8,"Gamma","auth","baja","success"
2.66,27.23,130,0,74.32,3.7,"Alpha","auth","media","success"
5.62,3,166,2,89.09,24.69,"Delta","api","baja","success"
7.32,46.31,139,1,100,3.44,"Gamma","api","baja","success"
39.9,40.62,156,0,78.32,23.69,"Delta","database","crítica","success"
12.51,6.14,156,2,86.58,9.69,"Gamma","api","crítica","success"
4.33,5.09,152,1,97.11,9.35,"Alpha","analytics","alta","success"
6.91,5.99,175,2,77.38,34.68,"Alpha","ui","baja","success"
19.88,21.42,137,3,86.83,18.21,"Gamma","analytics","baja","success"
4.08,41.27,180,1,99.08,9.23,"Delta","auth","crítica","success"
4.21,6.7,157,3,90.68,21.71,"Gamma","api","media","success"
9.33,21.6,151,3,98.94,2.7,"Gamma","api","media","rolled_back"
9.7,6.11,148,2,65.46,13.92,"Alpha","auth","baja","success"
12.36,17.53,153,1,75.64,13.8,"Beta","analytics","media","success"
6.01,7.1,130,3,67.69,20.77,"Alpha","analytics","baja","success"
22.27,21.53,143,1,48.27,32.13,"Alpha","database","alta","success"
29.66,8.59,157,2,86.6,16.44,"Delta","database","baja","failed"
4.74,21.41,145,0,70.5,15.19,"Delta","ui","alta","success"
17.83,2.11,144,3,84.72,12.99,"Alpha","ui","baja","success"
15.32,47.35,168,4,95.51,9.97,"Delta","auth","media","success"
8.36,23.25,128,4,69.82,40.45,"Alpha","api","crítica","success"
10.6,24.73,131,1,65.71,12.42,"Beta","api","baja","success"
10.89,37.61,137,1,66.53,12.96,"Delta","analytics","baja","success"
4.65,6.76,154,2,48.97,57.97,"Gamma","database","media","success"
12.8,49.04,137,5,91.27,4.15,"Gamma","analytics","baja","failed"
7.16,4.36,136,3,63.47,21.65,"Beta","analytics","alta","success"
2.72,6.88,173,0,71.98,1.88,"Beta","ui","media","success"
11.05,22.64,151,2,71.47,13.25,"Gamma","api","crítica","success"
13.8,13.9,153,6,72.34,1.71,"Beta","api","media","success"
10.05,74.95,159,1,77.97,3.19,"Gamma","ui","crítica","success"
20.09,50.41,165,1,49.27,0.17,"Alpha","ui","media","success"
25.24,11.52,153,0,72.38,3.6,"Delta","analytics","alta","failed"
14.36,13.37,148,5,55.36,18.26,"Alpha","auth","baja","success"
18.2,22.55,143,5,67.38,37.26,"Beta","database","baja","success"
9.95,23.71,154,3,74.86,1.85,"Gamma","database","baja","success"
14.15,5.32,129,0,76.69,53.46,"Beta","api","baja","success"
34.91,16.9,148,0,76.97,38.56,"Beta","api","crítica","success"
15.15,15.6,146,3,69.84,22.13,"Delta","ui","alta","failed"
3.82,13.96,150,1,75.9,19.72,"Beta","ui","alta","success"
21.47,8.3,166,0,63.53,8.22,"Beta","database","media","failed"
6.91,13.29,165,3,62.78,16.93,"Delta","auth","media","success"
25.04,24.6,138,0,69.09,14.75,"Delta","auth","baja","failed"
12.49,6.11,135,2,78.13,16.39,"Gamma","api","media","failed"
8.2,28.93,154,2,80.33,4.86,"Gamma","database","baja","success"
8.17,41.53,124,6,82.53,34.29,"Delta","database","crítica","success"
9.65,10.44,137,1,78.97,NA,"Gamma","database","baja","success"
6.36,10.5,165,1,72.65,3.04,"Delta","database","alta","success"
16.86,3.3,156,0,65.96,0.43,"Delta","database","alta","success"
3.19,37.63,121,0,95.93,12.27,"Alpha","database","baja","success"
9.48,37.94,150,3,79.13,30.24,"Alpha","analytics","crítica","success"
9.23,65.23,157,2,82.12,1.58,"Gamma","database","alta","success"
10.06,27.34,169,1,76.11,18.14,"Alpha","analytics","alta","success"
17.73,28.93,149,5,89.87,3.34,"Delta","analytics","baja","success"
3.79,78.93,136,2,70.98,8.1,"Beta","analytics","media","success"
14.84,22.55,166,1,70.37,30.6,"Alpha","ui","baja","success"
5.31,12.56,173,1,76.55,NA,"Alpha","database","media","failed"
5.48,2.12,141,3,74.35,16.3,"Beta","ui","baja","success"
6.6,6.14,146,5,100,85.98,"Beta","analytics","crítica","rolled_back"
32.56,45.15,154,0,65.74,33.99,"Gamma","database","baja","success"
7.11,15.29,131,6,67.82,6.5,"Gamma","analytics","baja","failed"
16,20.76,159,3,99.48,29.44,"Alpha","auth","media","success"
17.44,8.71,156,2,86.6,45.81,"Alpha","auth","baja","success"
2.26,8.25,177,2,91.43,8.4,"Gamma","analytics","baja","success"
34.87,10,147,1,78.52,3.63,"Alpha","database","alta","success"
7.18,1.52,161,0,92.28,11.44,"Gamma","database","baja","success"
27.58,37.03,138,2,88.54,2.6,"Gamma","ui","baja","success"
11.63,9.41,170,2,82.09,8.52,"Delta","ui","alta","success"
22.89,16.27,146,3,89.43,1.11,"Beta","auth","media","success"
8.66,32.02,146,0,78.58,9.58,"Alpha","api","baja","success"
3.79,28.25,167,2,74.51,4.07,"Gamma","database","media","success"
23.03,28.47,143,3,57.94,58.47,"Gamma","api","media","success"
2.99,14.97,162,2,85.04,91.66,"Gamma","api","baja","failed"
24.97,11.79,126,2,77.34,5.56,"Alpha","ui","alta","success"
22.99,8.37,136,3,75.79,2.04,"Delta","analytics","baja","failed"
12.7,38.91,135,2,78.65,46.57,"Beta","api","baja","success"
16.98,33.67,132,3,64.77,2.31,"Gamma","analytics","baja","success"
19.68,23.04,132,2,66.12,51.97,"Gamma","api","media","success"
22.27,11.11,144,5,80.49,11.01,"Delta","auth","baja","success"
1.89,13.38,146,3,72.66,12.79,"Gamma","analytics","media","success"
28.38,25.27,150,5,83.48,7.51,"Delta","analytics","baja","success"
14.8,10.75,159,3,74.29,4.84,"Delta","analytics","alta","rolled_back"
21.22,9.75,152,3,67.7,4.4,"Gamma","analytics","baja","success"
7.35,15.4,144,0,76.54,12.62,"Gamma","database","baja","success"
4.65,30.53,144,1,90.69,NA,"Alpha","api","baja","success"
11.05,14.74,155,2,82.78,15.15,"Beta","database","baja","success"
46.05,37.1,143,2,93.01,12.36,"Beta","ui","baja","success"
7.93,23.77,151,1,89.79,1.28,"Delta","ui","alta","success"
8.76,20.96,162,0,76.47,15.1,"Beta","database","media","success"
9.12,27.06,144,1,69.37,9.42,"Delta","auth","alta","success"
18.48,3.21,147,2,62.35,22.56,"Delta","api","baja","success"
15.38,6.39,153,5,77.93,16.52,"Beta","auth","alta","failed"
19.73,8.73,159,2,78.57,11.02,"Gamma","ui","baja","success"
17.57,49.24,159,1,70.83,4.54,"Gamma","api","baja","success"
10.87,9.02,155,1,68.48,18.99,"Delta","ui","media","success"
13.44,10.59,138,3,69.59,17.99,"Beta","database","baja","success"
18.57,24.81,166,1,80.09,2.83,"Delta","api","baja","success"
25.77,14.13,134,4,63.47,30.92,"Alpha","database","alta","success"
34.78,18.04,159,2,55.79,2.51,"Alpha","ui","baja","rolled_back"
4.08,30.13,144,3,73.99,0.95,"Beta","database","baja","success"
5.61,10.43,146,1,60.79,70.45,"Delta","database","media","success"
19.61,16.74,129,3,61.09,14.43,"Beta","api","crítica","success"
21.21,16.07,142,0,81.49,2.66,"Gamma","ui","alta","failed"
13.74,22.9,158,1,68.23,45.51,"Beta","analytics","media","success"
13.92,11.2,153,3,78.51,7.81,"Gamma","api","media","failed"
11.54,12.8,145,3,65.29,16.8,"Beta","ui","crítica","success"
25.01,5.5,168,5,77.89,5.18,"Delta","ui","media","success"
17.13,7.5,180,1,78.69,19.69,"Gamma","analytics","crítica","success"
14.29,17.22,139,1,62.52,23.51,"Delta","auth","baja","success"
11.49,5.88,156,0,65.36,12.64,"Gamma","auth","media","success"
8.59,4.3,148,2,53.02,0.12,"Alpha","analytics","baja","success"
6.09,5.38,126,5,100,1.93,"Alpha","database","crítica","failed"
20.29,37.47,179,1,65.52,0.55,"Alpha","ui","baja","failed"
11.73,36.69,165,5,73.33,31.76,"Alpha","auth","media","success"
16.02,8.64,146,6,87.92,27.73,"Gamma","analytics","alta","success"
6.68,10.28,144,0,76.36,32.39,"Beta","ui","baja","rolled_back"
11.69,33.39,134,2,61.5,4.2,"Gamma","analytics","baja","success"
12.66,26.96,154,4,78.91,12.44,"Delta","api","media","rolled_back"
15.82,17.33,134,0,86.08,27.08,"Gamma","analytics","alta","success"
14.78,37.22,156,1,54.98,26.34,"Beta","analytics","alta","success"
3.85,8.33,156,2,82.8,80.23,"Beta","database","crítica","failed"
12.62,66.12,163,0,92.27,47.22,"Gamma","analytics","baja","failed"
5.48,8.3,147,0,85.43,5.73,"Beta","ui","baja","success"
5.87,23.23,127,0,78.69,5.38,"Gamma","ui","baja","failed"
7.9,46.51,144,3,78.43,27.85,"Delta","ui","alta","success"
13.92,13.73,155,1,78.25,23.73,"Delta","auth","alta","success"
18.02,26.51,164,1,62.07,26.75,"Delta","ui","baja","success"
10.47,3.11,154,4,67.58,1.59,"Delta","ui","media","success"
4.52,63.78,162,0,68.96,35.86,"Gamma","ui","media","success"
10.17,31.1,146,1,90.04,19.62,"Alpha","ui","alta","success"
10.2,22.65,121,3,68.23,43.13,"Gamma","analytics","baja","success"
17.71,28.64,148,0,72.32,3.12,"Alpha","auth","media","success"
23,63.48,161,1,74.47,17.85,"Delta","ui","baja","success"
9.06,11.06,168,4,67.67,0.3,"Delta","analytics","baja","success"
2.06,35.84,167,4,64.62,15.81,"Beta","database","media","failed"
6.8,6.12,144,4,93.29,7.39,"Gamma","ui","media","success"
14.53,19.88,149,2,80.53,21.23,"Beta","api","baja","success"
5.21,33.71,148,1,65.28,33.35,"Gamma","auth","media","success"
29.9,14.5,139,4,82.4,6.8,"Gamma","ui","baja","success"
24.73,10.6,150,2,73.49,3.17,"Alpha","auth","alta","failed"
5.19,21.38,143,1,77.72,12.98,"Delta","ui","baja","success"
27.48,19.1,162,0,59.02,12.61,"Gamma","analytics","media","success"
25.05,11.07,144,1,91.75,4.53,"Delta","database","crítica","success"
5.47,14.51,179,2,84.68,11.65,"Alpha","analytics","media","failed"
11.21,26.55,135,1,79.23,7.27,"Delta","ui","media","success"
8.85,86.85,139,2,83.4,6.56,"Beta","api","baja","failed"
12.48,3.57,142,2,79.49,14.77,"Alpha","analytics","crítica","success"
2.06,4.99,130,1,77.16,20.55,"Beta","database","media","success"
18.58,4.7,166,3,89.02,0.94,"Alpha","auth","baja","success"
9.48,28.67,137,4,85.39,6.44,"Gamma","ui","baja","success"
29.36,3.59,171,4,88,9.43,"Delta","database","crítica","failed"
12.24,21.65,164,7,86,15.76,"Beta","api","alta","success"
5.6,15.39,139,2,71.7,3.36,"Delta","api","crítica","failed"
10.62,19.73,133,5,100,NA,"Gamma","ui","crítica","success"
14.65,15.62,165,2,76.89,12.84,"Gamma","api","media","failed"
3.22,71.05,148,2,82.35,20.46,"Beta","database","baja","success"
17.52,43.68,134,2,70.76,31.44,"Beta","api","media","success"
7.5,28.37,123,3,75.55,14.28,"Alpha","ui","baja","success"
5.22,3.38,128,2,77.26,15.06,"Gamma","analytics","baja","failed"
20.4,21,149,0,77.33,25.96,"Beta","auth","baja","success"
13.09,12.22,154,2,62.17,60.11,"Gamma","ui","media","success"
14.17,20.17,130,1,76.12,3.5,"Alpha","auth","alta","success"
11.15,15.93,169,1,83.07,4.88,"Delta","api","baja","success"
8.93,17.63,137,2,67.54,40.75,"Alpha","ui","baja","success"
17.29,13.32,146,1,100,3.26,"Beta","analytics","baja","failed"
16.56,7.33,168,2,72.2,23.05,"Alpha","ui","baja","success"
14.43,12.41,140,1,80.36,2.02,"Alpha","api","media","success"
17.96,5.28,152,1,69.15,16.25,"Gamma","auth","alta","success"
15.08,23.89,148,2,75.01,71.48,"Gamma","auth","crítica","failed"
11,8.2,150,3,80.8,9.51,"Gamma","database","baja","success"
6.09,6.79,138,0,72.76,2.83,"Delta","auth","baja","success"
3.98,8.93,141,3,77.68,4.12,"Gamma","auth","media","success"
27.33,18.44,169,2,57.72,45.51,"Beta","analytics","baja","success"
38.04,4.23,152,2,80.77,68.09,"Gamma","ui","alta","success"
35.1,37.37,145,3,81.16,25.74,"Delta","database","media","failed"
7.26,14.36,143,1,74,44.79,"Alpha","database","alta","success"
26.28,11.84,142,3,61,31.32,"Gamma","analytics","media","success"
20.19,26.8,150,1,52.02,13.74,"Delta","database","baja","success"
5.33,40.58,144,0,55.62,2.13,"Alpha","database","alta","rolled_back"
7.53,9.49,159,3,73.46,18.2,"Alpha","api","media","success"
18.52,25.34,152,1,67.95,11.98,"Delta","ui","baja","success"
11.46,4.99,139,2,70.74,13.52,"Gamma","database","baja","success"
3.4,6.94,149,1,86.21,7.31,"Beta","auth","baja","success"
11.04,9.16,149,2,85.8,23.96,"Beta","database","baja","failed"
22.03,21.55,145,1,81.13,0.11,"Beta","analytics","alta","failed"
20.25,20.56,167,0,60.57,4.65,"Beta","analytics","alta","success"
14.69,4.51,129,3,57.49,15.27,"Alpha","ui","baja","success"
10.74,2.49,150,3,88.17,16.11,"Alpha","analytics","baja","success"
10.5,28.2,177,0,84.27,8.87,"Alpha","auth","baja","success"
4.96,31.95,146,1,49.58,21.57,"Gamma","auth","crítica","success"
24.99,7.19,151,1,64.11,22.62,"Delta","auth","baja","success"
14.65,21.81,160,1,61.28,7.11,"Delta","ui","alta","success"
9.26,21.14,148,1,100,48.81,"Alpha","ui","baja","success"
14.7,12.99,156,3,71.41,13.59,"Beta","auth","crítica","failed"
13.73,32.37,159,2,32.36,54.7,"Delta","analytics","alta","failed"
3.75,27,162,3,68.06,76.58,"Gamma","api","media","success"
1.04,65.66,165,5,90.33,7.93,"Gamma","ui","media","success"
36.53,4.26,146,3,94.78,21.17,"Beta","api","alta","success"
7.09,0.95,147,3,70.62,6.34,"Beta","ui","baja","success"
16.08,23.89,143,1,85.43,7.3,"Alpha","analytics","media","success"
12.7,22.11,162,2,80.3,2.53,"Alpha","analytics","media","success"
19.42,29.61,136,3,88.11,3.19,"Alpha","ui","crítica","success"
18.87,6.43,156,1,65.67,25.28,"Gamma","database","media","rolled_back"
17.68,4.57,138,1,86.71,13.03,"Delta","ui","baja","success"
7.39,27.51,157,4,53.22,69.43,"Beta","auth","alta","rolled_back"
13.11,27.08,142,1,67.45,20.14,"Beta","database","media","success"
15.73,16.11,139,2,71.7,3.17,"Delta","api","media","success"
32.13,11.85,127,2,77.51,36.05,"Delta","auth","baja","success"
11.72,18.91,146,0,63.01,24.04,"Alpha","database","baja","failed"
13.84,42.09,156,4,72.6,25.63,"Gamma","analytics","media","success"
13.76,23.69,161,2,76.64,72.09,"Beta","analytics","alta","success"
11.23,13.31,137,2,84.05,4.17,"Alpha","auth","media","failed"
13.3,28.34,161,1,84.84,9.8,"Beta","ui","media","success"
4.17,18.07,158,2,76.43,20.32,"Gamma","database","baja","success"
11.36,25.8,177,4,74.52,33.51,"Delta","database","media","success"
12.65,15.64,142,0,84.57,20.3,"Delta","api","crítica","success"
11.76,11.92,144,2,64.33,16.62,"Delta","database","media","success"
43.97,39.69,146,4,71.01,0.25,"Beta","analytics","alta","rolled_back"
8.35,17.87,149,2,58.05,13.1,"Alpha","ui","alta","success"
15.05,40.66,160,0,49.95,12.17,"Delta","ui","baja","success"
21.44,11.35,162,2,63.45,28.2,"Delta","auth","alta","success"
19.43,19.73,158,1,61.05,18.69,"Delta","analytics","alta","success"
12.44,7.63,147,3,69.84,19.69,"Delta","auth","crítica","success"
7.05,44.31,154,1,67.32,64.27,"Beta","analytics","media","success"
10.16,26.38,143,3,63.96,36.42,"Beta","api","media","success"
32.03,6.88,164,1,85.91,34.24,"Alpha","ui","baja","rolled_back"
3.99,13.33,138,1,61.8,48.47,"Gamma","analytics","baja","success"
13.57,64.48,155,4,76.02,21.06,"Beta","ui","baja","success"
5.28,14.94,159,0,58.37,44.79,"Beta","database","media","success"
9.23,29.86,154,1,82.45,1.72,"Gamma","api","baja","success"
7.64,20.04,119,0,70.75,35.34,"Beta","api","media","success"
9.63,20.48,151,2,64.47,14.88,"Gamma","database","media","success"
5.34,21.04,141,1,76.32,32.77,"Delta","analytics","baja","success"
12.33,8.95,170,6,82.52,27.48,"Delta","database","crítica","failed"
9.65,25.14,146,2,81.83,0.8,"Delta","database","media","success"
21.94,11.31,144,1,73.68,11.54,"Alpha","database","baja","success"
10.4,27.95,172,2,77.98,6.76,"Alpha","ui","baja","success"
18.42,46.36,121,2,84.42,8.7,"Beta","api","crítica","success"
7.62,33.83,157,3,71.93,20.49,"Beta","database","baja","success"
21.73,9.81,163,3,85.84,3.38,"Gamma","ui","alta","success"
14.76,14.81,144,5,91.47,5.49,"Gamma","ui","baja","success"
16.29,26.65,149,1,66.05,1.92,"Delta","api","baja","success"
18.93,11.82,163,2,90.2,12.62,"Gamma","api","baja","success"
16.51,32.2,166,1,59.28,46.19,"Alpha","analytics","media","success"
20.52,27.68,154,3,61.54,1.6,"Delta","ui","baja","success"
5.14,23.49,167,2,63.21,3.36,"Gamma","analytics","baja","success"
12.56,4.55,138,0,88.77,60.01,"Delta","ui","alta","success"
22.47,22.78,149,2,85.29,8.04,"Beta","ui","alta","success"
19.36,21.86,161,4,67.83,15.17,"Beta","auth","crítica","success"
19.22,6.66,156,1,78.35,47.3,"Delta","auth","alta","rolled_back"
3.86,19.65,152,2,98.64,0.61,"Beta","ui","media","success"
5.31,24.86,135,1,95.1,10.29,"Beta","api","crítica","success"
29.18,11.15,144,3,90.28,26.91,"Delta","analytics","baja","success"
26.1,14.14,168,3,66.62,7.36,"Beta","auth","crítica","success"
6.31,36.99,142,2,73.83,3.86,"Beta","auth","baja","success"
27.06,13.42,137,0,86.15,1.56,"Alpha","database","baja","success"
7.7,22.58,159,3,65.69,20.43,"Alpha","analytics","baja","success"
5.27,7.78,155,1,80.19,6.24,"Beta","auth","media","success"
15.48,9.92,183,1,68.37,42.84,"Alpha","analytics","baja","failed"
29.07,6.74,152,3,57.37,18.72,"Gamma","database","media","success"
19.88,6.61,165,2,78.75,3.32,"Beta","analytics","crítica","success"
5.62,15.73,136,0,82.97,32.45,"Alpha","api","baja","success"
8.88,46.18,136,1,74.3,11.76,"Beta","auth","alta","success"
12.42,12.66,154,3,80.89,4.3,"Gamma","auth","baja","success"
7.54,56.82,142,1,54.07,83.28,"Alpha","ui","baja","success"
2.14,24.83,130,1,92.11,9.91,"Alpha","analytics","baja","success"
21.15,26.16,176,1,65.02,28.97,"Delta","auth","baja","success"
11.47,36.72,150,1,67.01,3.36,"Beta","ui","baja","failed"
21.58,10.26,154,2,61.33,NA,"Alpha","database","media","failed"
9.29,0.58,145,0,61.95,9.08,"Alpha","auth","crítica","success"
7.78,35.13,150,3,84.78,28.71,"Delta","api","baja","rolled_back"
21.54,21.88,152,1,62.36,27.63,"Alpha","database","baja","success"
37.1,54.9,155,1,69.41,21.46,"Gamma","ui","baja","success"
8.62,24.45,168,5,100,32.87,"Beta","database","baja","success"
7.14,11.32,159,2,63.58,21.12,"Gamma","ui","alta","success"
11.21,1.57,160,3,98.56,12.55,"Beta","auth","baja","failed"
10.7,14.42,131,2,70.48,38.71,"Delta","database","media","failed"
14.32,11.75,136,1,79.23,46.26,"Alpha","ui","media","success"
32.41,15.61,139,1,73.45,1.44,"Alpha","api","media","success"
28.04,28.79,142,1,57.44,3.61,"Alpha","analytics","media","success"
15.76,3.82,134,1,67.56,19.3,"Gamma","api","crítica","success"
5.19,16.34,136,1,91.77,5.72,"Beta","analytics","media","success"
54.06,28.36,161,2,80.35,3.68,"Delta","database","baja","failed"
15.76,8.35,119,2,91.67,4.72,"Alpha","auth","media","success"
19.59,2.8,147,2,80.49,6.08,"Gamma","database","baja","rolled_back"
7.38,0.88,148,1,97.83,1.7,"Delta","ui","baja","success"
7.08,22.36,135,1,70.65,21.27,"Gamma","auth","alta","success"
4.53,23.42,140,2,92.79,15.61,"Beta","ui","media","success"
10.24,10.15,152,3,NA,15.32,"Delta","analytics","media","success"
16.61,7.39,164,2,66.95,13.96,"Gamma","analytics","baja","success"
14.37,34.93,138,4,85.87,0.72,"Delta","analytics","alta","success"
3.75,18.02,148,0,84.36,8.29,"Beta","api","crítica","success"
18.31,25.93,158,2,55.17,3.21,"Delta","auth","alta","success"
24.08,17.39,154,4,73.71,64.75,"Gamma","api","media","success"
47.3,21.05,142,3,61.93,4.56,"Delta","ui","media","success"
15.86,17.84,150,2,88.08,30.86,"Beta","ui","baja","success"
13.07,23.94,146,0,65.47,0.24,"Delta","ui","alta","failed"
6.13,26.18,157,0,84.28,44.15,"Gamma","auth","baja","failed"
13.7,10.87,159,2,99.3,7.12,"Beta","ui","media","rolled_back"
4.93,13.19,169,2,90.25,21.03,"Delta","database","media","success"
6.36,101.25,144,2,72.51,1.74,"Alpha","api","media","success"
1.91,36.43,156,4,69.19,10.03,"Alpha","auth","crítica","success"
15.92,14.83,167,1,92.21,1.9,"Gamma","analytics","crítica","success"
13.23,26.37,148,3,62.18,25.57,"Delta","api","crítica","success"
23.95,3.59,155,4,55.48,8.51,"Delta","database","baja","success"
13.72,9.77,165,2,77.38,0.39,"Alpha","auth","media","success"
21.73,8.57,145,6,100,34.55,"Alpha","ui","alta","success"
17.6,5.14,151,2,87.01,3.8,"Alpha","database","alta","success"
6.69,33.98,139,0,72.36,2.31,"Gamma","auth","baja","success"
16.3,4.8,176,1,52.05,14.71,"Alpha","auth","crítica","success"
14.03,22.27,151,0,79.25,28.14,"Gamma","database","media","failed"
45.9,15.1,159,1,53.76,2.54,"Delta","api","media","success"
21.29,5.76,137,2,79.03,6.73,"Delta","api","media","success"
24.8,23.22,153,3,81.72,4.3,"Alpha","database","crítica","success"
22.02,42.48,165,0,NA,20.89,"Alpha","database","baja","success"
26.06,21.41,130,3,54.8,2.32,"Delta","api","media","success"
23.32,31.02,158,2,70.41,13.17,"Gamma","database","alta","success"
32.62,13.63,150,1,84.09,6.68,"Gamma","database","baja","success"
7.05,7.65,149,2,89.2,15.64,"Alpha","ui","alta","success"
32.84,21.61,156,3,83.4,12.96,"Gamma","auth","media","success"
15.77,59.33,163,1,62.83,4.3,"Beta","api","crítica","success"
22.35,5.11,161,0,69.53,5.29,"Alpha","auth","baja","success"
10.45,23.94,147,4,65.86,5.5,"Beta","analytics","media","rolled_back"
16.25,13.87,151,3,82.09,0.83,"Alpha","auth","media","success"
12.39,19,127,1,94.17,11.24,"Delta","auth","media","success"
13.2,7.62,153,2,95.74,19.07,"Beta","auth","baja","success"
11.13,11.77,160,3,63.78,17.29,"Beta","api","baja","success"
21.92,30.26,155,3,74.77,61.1,"Beta","api","baja","failed"
15.52,13.07,148,1,79.45,6.98,"Beta","ui","baja","success"
7.21,7.9,148,1,69.5,14.49,"Beta","api","baja","success"
17,24.52,151,1,76.33,2.03,"Alpha","api","alta","success"
19.78,15.09,156,5,100,11.46,"Gamma","ui","alta","success"
13.88,32.88,122,2,72.91,23.04,"Gamma","api","crítica","success"
6.75,35.42,149,1,87.09,18.42,"Delta","api","baja","success"
26.02,10.52,171,1,94.45,26.74,"Beta","analytics","media","failed"
11.3,18.09,161,2,65.47,18.75,"Beta","database","crítica","success"
12.81,12.13,155,1,76.91,33.61,"Beta","api","baja","rolled_back"
17.06,1.55,159,2,94.13,47.28,"Gamma","analytics","alta","success"
8.65,19.18,122,2,98.07,5.45,"Alpha","ui","baja","success"
15.56,9.61,145,3,79.71,8.59,"Beta","database","media","success"
24.14,1.72,146,0,59.79,0.64,"Beta","database","crítica","success"
11.98,8.4,163,1,78.04,11.91,"Beta","database","media","failed"
13.19,17.48,151,4,77.66,1.95,"Gamma","ui","alta","success"
12.41,5.17,145,1,79.25,0.96,"Delta","api","alta","success"
23.67,56.54,167,1,90.47,40.54,"Delta","auth","baja","success"
9,8.16,139,2,87.76,13.1,"Gamma","database","baja","success"
10.77,14.48,146,2,95.36,14.47,"Alpha","analytics","media","success"
6.25,24.36,142,3,80.73,27.37,"Beta","database","media","success"
35.75,64.14,133,1,80.42,29.27,"Gamma","analytics","alta","failed"
19.17,28.71,143,3,73.04,0.95,"Alpha","auth","crítica","success"
8.94,28.75,157,1,59.04,4.85,"Alpha","ui","alta","success"
21.27,7.61,151,1,38.28,14.36,"Delta","analytics","baja","success"
2.73,49.14,154,1,63.4,0.03,"Gamma","api","media","success"
8.48,24.66,156,2,62.17,19.68,"Beta","analytics","alta","success"
6.13,24.51,146,0,72.1,7.69,"Gamma","database","media","success"
24.2,37.66,157,2,79.21,48.39,"Beta","api","baja","success"
14.36,26,163,2,98.67,0.19,"Gamma","api","baja","success"
4.94,16.97,149,4,70.77,10.05,"Delta","auth","media","success"
24.44,24.74,159,2,53.44,10.64,"Delta","auth","alta","success"
4.55,41.66,146,1,73.58,25.67,"Alpha","api","media","success"
17.04,2.33,156,6,100,1.59,"Delta","analytics","baja","rolled_back"
17.65,8.39,149,4,90.49,7.58,"Beta","auth","baja","success"
13.15,19.93,150,4,78.27,5.11,"Alpha","auth","crítica","failed"
5.22,6.94,163,1,68.32,24.24,"Beta","database","baja","success"
6.95,117.65,151,2,78.66,4.68,"Beta","auth","baja","success"
8.23,30.85,171,2,81.74,5.55,"Gamma","ui","baja","success"
3.89,18.06,165,1,57.36,18.35,"Alpha","ui","media","success"
8.63,10.23,165,2,69.76,29.69,"Delta","ui","alta","success"
11.92,14.7,151,3,66.94,0.42,"Alpha","database","baja","rolled_back"
14.64,24.72,129,2,71.99,21.72,"Alpha","auth","baja","success"
19.72,14.47,159,2,59.79,13.65,"Alpha","ui","media","success"
17.28,7.09,137,3,89.06,10.19,"Delta","database","crítica","failed"
13.91,18.3,148,1,94.87,7.09,"Alpha","auth","media","success"
25.8,20.2,142,2,64.51,8.52,"Beta","analytics","baja","failed"
16.73,17.61,149,2,82.13,10.97,"Alpha","api","baja","success"
18.58,12.08,156,1,75.75,26.52,"Delta","ui","alta","success"
15.1,34.24,138,3,96.26,3.23,"Beta","ui","baja","failed"
9.67,31.5,135,1,52.9,6.31,"Alpha","analytics","media","success"
7.52,36.7,167,0,70.2,2.91,"Alpha","api","media","success"
29.15,29.07,158,5,61.6,2.35,"Beta","ui","alta","failed"
11.67,11.53,142,3,79.27,15.6,"Gamma","ui","baja","success"
19.6,4.39,147,2,72.11,1.76,"Delta","analytics","baja","success"
14.95,43.41,154,4,73.95,0.23,"Alpha","database","alta","success"
15.66,15.05,158,1,77.82,19.66,"Delta","analytics","media","success"
16.77,35.24,147,6,71.57,13,"Beta","database","alta","success"
11.19,14.99,123,0,75.81,10.03,"Gamma","database","alta","success"
6.39,44.12,149,1,79.03,27.38,"Gamma","api","media","success"
17.04,9.47,125,0,67.95,6.03,"Delta","database","crítica","success"
9.64,13.09,140,0,75.56,8.08,"Beta","auth","baja","success"
16.08,21.08,179,4,69.02,41.89,"Gamma","api","baja","success"
15.62,5.33,150,2,74.27,19.81,"Delta","ui","media","success"
6.48,11.8,167,1,89.62,8.88,"Alpha","auth","media","success"
10.72,2.32,172,0,75.91,6.99,"Gamma","ui","baja","success"
47.61,6.52,141,3,99.3,4.65,"Alpha","ui","alta","failed"
4.75,5.32,143,2,76.93,19.87,"Alpha","api","baja","success"
8.17,12.43,129,3,98.39,4.29,"Beta","api","baja","success"
11.76,14.2,151,0,60.67,16.7,"Alpha","database","media","success"
16.66,9.64,159,3,82.43,9.64,"Alpha","api","baja","failed"
15.68,7.41,154,0,56.98,32.12,"Alpha","api","media","success"
8.89,21.92,158,2,77.35,4.13,"Alpha","analytics","baja","success"
7.93,1.3,140,4,76.97,18.06,"Delta","auth","media","success"
11.55,26.14,160,2,91.94,55.42,"Gamma","ui","media","failed"
16.42,16.6,159,1,74.55,10.73,"Gamma","auth","baja","success"
22.04,9.3,169,1,75.98,25.63,"Gamma","analytics","baja","success"
16.69,21.02,157,0,64.8,32.44,"Alpha","auth","baja","success"
6.14,17.27,157,3,88.18,16.92,"Beta","ui","media","success"
9.16,13.09,166,2,97.28,NA,"Beta","api","baja","failed"
24.84,13.85,153,2,69.77,29.35,"Delta","database","baja","success"
20.36,7.19,159,2,52.93,28.98,"Gamma","auth","baja","failed"
7.8,4.69,145,1,78.27,17.07,"Beta","database","baja","success"
11.71,10.18,146,0,80.11,14.04,"Delta","database","crítica","success"
6.62,6.12,152,0,65.7,3.67,"Gamma","database","baja","success"
4.06,13.47,165,4,74.07,2.15,"Alpha","ui","baja","success"
8.77,14.76,155,0,61.03,29.79,"Alpha","database","alta","success"
7.02,50.01,157,3,63.61,10.13,"Delta","analytics","baja","success"
12.02,24.62,145,0,62.81,6.93,"Delta","ui","baja","success"
15.07,45.08,172,2,69.55,21.17,"Delta","ui","media","success"
21.94,12.86,169,5,69.74,4.32,"Delta","auth","media","failed"
14.2,11.98,142,2,90.67,6.47,"Gamma","analytics","media","success"
13.12,26.36,159,4,90.75,0.67,"Delta","auth","baja","success"
8.2,4.03,135,0,76.77,3.53,"Gamma","api","media","failed"
10.24,21.05,146,2,90.35,9.15,"Gamma","analytics","baja","rolled_back"
15.46,24.02,134,3,58.35,2.7,"Delta","analytics","baja","success"
2.11,12.25,139,1,80.49,5.57,"Beta","auth","crítica","success"
12.27,5.98,155,4,48.02,14.41,"Gamma","ui","baja","success"
13.89,18.2,157,0,61.07,7.48,"Beta","ui","baja","success"
24.51,32.63,156,0,69.03,11.31,"Beta","analytics","media","success"
16.91,10.49,156,2,83.52,24.24,"Delta","auth","alta","failed"
10.44,22.4,168,0,86.71,16.02,"Delta","analytics","media","rolled_back"
4.45,23.63,171,1,79.65,7.43,"Delta","auth","alta","success"
8.51,27.19,138,5,90.71,22.47,"Beta","api","baja","success"
24.29,2.91,159,0,97.27,11.6,"Gamma","api","baja","success"
24.8,9.25,166,2,71.94,1.25,"Alpha","auth","alta","success"
26.2,46.88,163,2,96.2,0.47,"Gamma","database","baja","success"
4.55,2.41,160,1,60.03,34.94,"Delta","api","baja","success"
12.34,17.5,148,0,99.4,19.35,"Delta","ui","baja","success"
16.52,12.2,125,2,86.43,49,"Alpha","analytics","baja","success"
5.92,56.62,166,1,61.41,6.22,"Beta","auth","media","success"
15.08,31.09,163,2,77.44,6.54,"Alpha","database","baja","failed"
17.18,11.19,167,5,99.55,3.56,"Beta","ui","media","success"
15.69,27.36,128,1,59.11,8.76,"Gamma","analytics","alta","success"
18.08,31.71,156,4,81.67,14.07,"Delta","ui","baja","rolled_back"
10.7,8.38,143,1,68.65,9.63,"Beta","analytics","media","failed"
17.84,28.01,149,2,55.18,79.54,"Delta","auth","media","success"
5.92,11.19,152,6,85.58,20.22,"Beta","analytics","baja","success"
9.42,12.38,175,3,59.39,28.17,"Alpha","api","media","failed"
16.23,27.88,146,4,95.5,21.64,"Gamma","ui","alta","failed"
8.11,7.79,137,4,55.65,1.36,"Delta","analytics","media","failed"
5.4,15.86,140,2,45.46,3.61,"Beta","database","alta","success"
10.84,14.79,154,0,81.73,14.48,"Alpha","database","alta","success"
15.41,14.37,144,4,73.4,28.91,"Alpha","auth","alta","failed"
13.42,17.52,157,2,82.3,8.94,"Gamma","auth","crítica","success"
8.17,5.02,152,2,87.28,11.3,"Delta","database","baja","success"
4.7,4.32,156,2,75.09,10.21,"Delta","ui","alta","success"
8.15,8.43,167,3,82.41,23.44,"Gamma","analytics","alta","success"
8.39,14.55,166,3,79.98,3.23,"Beta","api","baja","success"
29.42,2.96,142,3,72.87,52.32,"Gamma","ui","baja","rolled_back"
12.74,41.42,167,0,61.1,54.02,"Gamma","ui","baja","failed"
5.55,1.14,127,4,64.74,10.76,"Alpha","auth","media","failed"
27.16,5.63,159,1,73.68,47.17,"Alpha","analytics","media","success"
19.61,8.13,149,1,61.01,12.81,"Alpha","api","media","success"
27.75,13.62,155,2,68.65,52.65,"Delta","database","alta","success"
9.2,34.15,173,1,79.71,41.3,"Gamma","auth","media","success"
3.65,9.93,156,2,66.6,2.54,"Beta","analytics","alta","success"
10.65,3.83,145,3,80.66,1.76,"Delta","api","crítica","success"
12.45,15.75,152,2,71.8,16.3,"Delta","analytics","media","failed"
5.41,11.04,167,2,82.46,33.76,"Gamma","api","alta","success"
19.39,2.18,138,0,100,91.72,"Delta","analytics","alta","success"
3.5,14.32,125,0,96.45,12.09,"Alpha","api","crítica","success"
3.82,14.99,168,0,68.18,6.15,"Gamma","analytics","alta","failed"
11.83,20.23,144,1,85.82,22.58,"Gamma","database","media","success"
26.54,20.02,153,3,77.38,21.8,"Gamma","auth","baja","success"
5.42,6.61,161,2,58.88,33.46,"Alpha","analytics","alta","rolled_back"
6.86,12.88,163,3,75.33,17.39,"Beta","api","baja","success"
9.49,45.45,172,1,71.8,12.03,"Delta","auth","crítica","success"
17.91,9.61,148,1,70.84,1.6,"Beta","ui","baja","failed"
10.6,8.41,167,1,61.7,7.16,"Beta","auth","alta","failed"
1.73,15.98,146,1,69.05,139.02,"Gamma","ui","crítica","success"
5.08,18.16,150,2,68.29,33.74,"Alpha","analytics","alta","success"
25.48,8.95,149,1,64.36,29.45,"Gamma","database","crítica","success"
26.29,17.77,154,1,81.16,18,"Delta","ui","media","success"
11.96,3.55,139,1,89.5,13.4,"Gamma","database","media","success"
12.21,32.71,145,0,82.95,11.45,"Alpha","api","baja","success"
0.71,93.41,165,0,68.96,23.69,"Beta","database","crítica","success"
16.44,63.17,140,1,89.48,20.37,"Delta","api","alta","success"
33.63,22.17,139,2,72.94,17.39,"Gamma","ui","baja","success"
15.93,9.38,139,2,82.06,3.86,"Gamma","api","baja","failed"
2.36,29.58,139,0,64.17,1.25,"Delta","api","media","success"
8.66,10.68,145,0,71.18,10.25,"Alpha","ui","media","success"
29.33,24.76,135,0,75.03,16.28,"Beta","ui","media","success"
2.97,14.32,141,4,70.19,1.04,"Beta","api","baja","success"
5.99,2.9,152,1,57.44,6.86,"Delta","database","media","success"
13.86,3.36,146,2,78.4,83.09,"Beta","api","crítica","failed"
6.1,32.09,147,2,81.64,16.25,"Gamma","api","alta","success"
19.61,22.05,164,2,60.99,32.22,"Alpha","auth","alta","success"
3.96,25.69,144,2,77.53,19.44,"Alpha","auth","crítica","success"
8.41,11.67,145,1,51.1,22.03,"Alpha","ui","crítica","success"
14.93,24.2,144,1,68.4,16.57,"Alpha","ui","media","failed"
13.06,21.78,132,4,73.68,3.08,"Alpha","ui","alta","success"
15.08,9.11,153,2,78.57,5.41,"Alpha","auth","baja","success"
12.8,3.78,146,4,73.35,28.74,"Beta","ui","alta","success"
16.97,9.63,155,3,74.41,65.6,"Beta","api","baja","success"
13.73,38.42,143,0,75.95,8.74,"Gamma","api","crítica","failed"
18.78,27.44,170,3,80.38,3.21,"Alpha","auth","media","success"
14.16,22.73,158,4,75.94,1.65,"Beta","analytics","baja","success"
24.72,35.51,141,1,78.67,28.65,"Gamma","auth","crítica","success"
12.03,29.4,182,2,70.55,11.6,"Delta","database","baja","failed"
15.55,11.41,145,3,97.33,43.14,"Alpha","database","baja","success"
14.09,28.25,145,2,82.94,16.37,"Gamma","ui","alta","failed"
14.68,10.96,161,0,93.88,34.74,"Delta","database","media","success"
11.05,32.43,144,2,78.78,5.88,"Delta","auth","baja","success"
6.78,13.57,173,3,66.51,2.3,"Beta","database","baja","success"
14.88,14.35,150,2,80.09,28.36,"Alpha","auth","baja","success"
15.7,17.91,144,2,93.44,11.56,"Delta","database","alta","success"
12.27,23.34,186,1,81.01,2.11,"Delta","database","alta","success"
8.06,19.26,172,1,81.88,5.5,"Beta","ui","alta","rolled_back"
2.56,30.5,151,1,89.12,31.06,"Gamma","analytics","media","success"
10.09,9.46,151,1,73.35,4.59,"Beta","analytics","media","failed"
44.74,21.61,150,3,73.52,9.8,"Delta","api","baja","success"
24.38,15.74,155,2,54.9,29.78,"Delta","analytics","crítica","success"
13.32,11.35,145,2,80.48,47.02,"Gamma","auth","alta","success"
32.08,49.79,139,1,92.05,3.53,"Alpha","api","crítica","success"
39.36,31.71,164,1,67.93,7.63,"Alpha","auth","baja","success"
39.95,45.59,133,0,63.52,65.99,"Beta","auth","media","success"
17.46,14.87,148,3,93.69,22.8,"Alpha","api","media","success"
4.18,82.11,153,5,95.73,8.22,"Gamma","auth","media","success"
34.82,7.11,141,3,71.4,3.97,"Delta","api","baja","success"
4.14,11.08,157,2,78.63,14.6,"Gamma","analytics","baja","success"
5.86,16.16,163,3,90.46,21.45,"Delta","api","baja","success"
7.35,25.35,134,5,86.71,1.44,"Gamma","database","alta","success"
8.71,21.01,152,0,60.76,36.1,"Gamma","database","media","success"
20.76,18.57,154,3,62.09,75.85,"Gamma","auth","alta","failed"
6.07,26.21,171,1,58.91,39.92,"Gamma","api","baja","success"
5.56,13.1,145,2,88.13,77.56,"Beta","analytics","alta","failed"
19.04,1.79,141,4,82.19,170.22,"Delta","ui","baja","failed"
11.21,27.4,172,4,92.54,0.37,"Alpha","analytics","crítica","success"
13.81,15.74,141,2,87.98,51.17,"Gamma","ui","media","rolled_back"
4.64,63.84,137,2,55.64,13.08,"Alpha","api","baja","success"
8.94,37.93,151,3,52.4,19.58,"Delta","analytics","crítica","success"
16.52,30.05,168,2,76.92,2.32,"Beta","api","alta","success"
21.18,60.65,152,3,50.85,14.5,"Gamma","database","alta","success"
9.21,24.25,134,1,76.34,8.8,"Gamma","auth","baja","failed"
18.27,31.4,113,2,52.93,0.49,"Alpha","api","baja","failed"
8.47,22.42,142,3,80.32,0.73,"Alpha","database","baja","success"
11.15,7.2,161,0,52.03,27.37,"Beta","analytics","alta","success"
25.91,24.21,146,2,79.41,0.32,"Gamma","analytics","baja","success"
26.13,8.29,147,0,87.72,6.05,"Gamma","auth","media","failed"
21.93,19.6,167,1,81.64,28.13,"Delta","analytics","alta","success"
18.5,14.82,149,1,82.47,12.1,"Gamma","api","alta","success"
9.01,9.3,157,1,62.14,5.77,"Gamma","ui","baja","success"
7.3,15.89,144,2,80.62,19.88,"Gamma","analytics","baja","success"
3.67,15.98,145,3,72.02,19.7,"Beta","auth","alta","success"
17.32,20.2,122,0,71.4,0.01,"Delta","ui","media","rolled_back"
3.14,7.38,157,5,70.05,25.26,"Alpha","ui","media","success"
8.77,10.53,155,4,88.57,0.2,"Gamma","ui","baja","success"
21.83,13.42,148,1,78.27,27.39,"Gamma","api","media","success"
13.03,19.35,152,3,86.81,19.23,"Gamma","api","baja","success"
23.54,9.12,137,4,63.97,57.24,"Alpha","analytics","media","success"
17.43,27.13,164,3,86.04,47.89,"Beta","analytics","alta","success"
26.93,8.41,142,1,71.71,5.17,"Gamma","ui","baja","success"
12.49,89.83,132,2,74.85,18.82,"Gamma","ui","alta","success"
24.22,13.71,158,1,70.14,6.53,"Alpha","database","media","success"
18.72,41.73,170,1,58.79,6.76,"Gamma","auth","alta","success"
3.5,15.04,139,1,74.01,56.39,"Delta","ui","media","success"
15.9,16.61,154,3,75.45,41.46,"Gamma","database","baja","success"
17.76,32.78,132,1,77.38,21.02,"Beta","api","alta","success"
3.79,38.01,137,1,85.82,28.18,"Delta","api","media","success"
29.47,64.51,145,4,81.44,7.11,"Alpha","api","media","success"
5.45,22.87,136,1,97.04,2.24,"Delta","api","media","failed"
18.93,15.68,136,1,83.81,22.99,"Beta","database","baja","success"
7.71,10.07,148,0,56.73,19.39,"Beta","auth","baja","success"
11.13,3.88,162,1,63.32,33.98,"Alpha","ui","baja","success"
11.92,8.99,181,0,71.76,104.08,"Gamma","auth","media","success"
28.11,32,159,2,96.76,9.01,"Delta","auth","media","success"
8.31,30.24,149,1,67.57,0.97,"Alpha","api","baja","failed"
5.55,20.02,157,2,100,28.77,"Gamma","analytics","baja","success"
14.78,7.72,148,3,100,4.62,"Beta","database","baja","success"
5.79,2.22,166,3,77.38,39.68,"Beta","auth","baja","success"
16.09,4.72,152,4,61.38,9.43,"Alpha","database","baja","success"
18.64,19.59,156,3,84.72,13.36,"Alpha","api","baja","success"
31.71,4,172,4,72.7,4.33,"Delta","database","media","failed"
8.53,25.32,152,3,77.54,9.49,"Gamma","analytics","baja","success"
16.9,4.9,130,4,66.79,38.43,"Gamma","analytics","baja","success"
21.01,19.81,156,1,68.99,33.57,"Gamma","auth","baja","success"
17.3,1.05,179,1,57.48,24.63,"Delta","auth","baja","success"
14.22,3.48,165,1,87.62,10.86,"Delta","analytics","baja","success"
27.36,11.94,147,0,71.01,15.26,"Alpha","analytics","baja","success"
9.31,20.82,166,0,52.53,42.29,"Alpha","analytics","crítica","rolled_back"
23.43,7.11,139,3,73.88,19.1,"Gamma","auth","media","success"
3.17,7.72,146,1,65.44,46.34,"Beta","analytics","baja","success"
21.17,3.51,141,1,99.53,9.8,"Beta","auth","crítica","success"
10.2,28.66,147,3,82.65,4.28,"Alpha","analytics","media","failed"
10.77,37.6,150,3,61.34,20.5,"Delta","analytics","alta","success"
2.04,12.67,154,3,42.4,22.31,"Beta","ui","alta","success"
7.9,8.48,160,2,78.83,20.46,"Alpha","ui","baja","failed"
32.08,30,145,2,79.26,12.2,"Delta","ui","media","success"
18.47,21.13,147,1,70.71,0.12,"Alpha","analytics","media","success"
24.02,21.49,152,1,81.09,16.49,"Gamma","api","media","success"
10.4,8.94,147,5,59.16,3.49,"Beta","analytics","media","success"
22.89,29.99,155,1,75.31,2.1,"Alpha","ui","alta","success"
25.51,3.67,144,1,61.46,110.67,"Beta","analytics","media","success"
6.88,7.52,136,0,62.34,0.31,"Gamma","api","alta","failed"
10.77,15.68,148,2,64.83,1.24,"Gamma","ui","crítica","success"
29.41,19.96,129,3,97.15,6.85,"Gamma","ui","crítica","success"
5.9,13.09,170,0,57.9,13.23,"Delta","auth","media","success"
18.69,13.13,170,5,69.74,18.77,"Delta","api","baja","success"
11.37,8.49,141,2,57.2,1.45,"Delta","analytics","baja","success"
11.52,65.23,160,2,75.43,8.95,"Beta","api","media","success"
22.14,14.98,163,4,71.19,10.68,"Alpha","api","alta","success"
20.73,23.98,142,6,79.97,14.85,"Alpha","ui","media","success"
16.63,27.38,154,2,64.83,25.54,"Beta","api","baja","failed"
9.54,20.49,131,1,65.16,0.38,"Delta","database","crítica","failed"
13.12,3.93,137,1,69.43,4.54,"Beta","auth","baja","success"
16.34,22.09,164,1,80.71,4.86,"Alpha","ui","baja","success"
4.12,65.55,125,1,76.69,1.99,"Beta","database","alta","success"
17.97,21.42,153,0,58.87,19.55,"Beta","auth","baja","success"
16.71,10.23,157,4,58.09,53.43,"Alpha","api","baja","failed"
13.07,7.25,137,3,53.68,25.23,"Alpha","database","baja","success"
21.35,5.67,156,3,83.29,11.21,"Delta","database","baja","success"
15.07,15.94,147,1,50.44,8.32,"Delta","auth","baja","success"
11.42,2.19,145,1,83.69,92.73,"Beta","ui","baja","success"
2.55,17.03,138,0,70.98,52.58,"Beta","auth","crítica","success"
20.56,4.45,148,1,78.9,6.54,"Delta","database","media","success"
14.22,13.47,182,1,53.36,3.32,"Gamma","api","alta","success"
8.93,22.67,142,3,92.41,6.75,"Alpha","ui","alta","success"
6.19,7.4,154,1,98.65,1.33,"Alpha","analytics","media","success"
14.79,4.97,161,3,69.61,1.67,"Alpha","analytics","baja","success"
21.38,15.83,145,10,92.66,14.11,"Delta","analytics","baja","success"
5.13,31.55,163,0,74.05,20.23,"Gamma","analytics","baja","success"
6.3,9.78,160,2,62.7,9.42,"Delta","auth","alta","success"
7.04,29.3,143,3,72.44,6.22,"Delta","ui","baja","success"
15.72,12.05,163,1,90.13,16.75,"Delta","ui","crítica","success"
19.03,5.89,140,2,71.31,14.98,"Delta","api","media","success"
17.8,3.8,166,3,89.79,39.04,"Alpha","database","crítica","success"
8.26,47.98,158,2,51.36,4.47,"Alpha","ui","media","success"
7.74,21.48,155,3,78.7,0.97,"Delta","database","baja","success"
20.84,2,154,2,97.09,2.36,"Delta","auth","media","success"
42.05,13.04,172,3,81.87,11.79,"Beta","auth","alta","success"
28.2,16.86,146,3,80.24,19.03,"Alpha","auth","alta","success"
9.17,35.34,156,2,86.39,3.94,"Beta","api","alta","success"
18.92,24.24,133,4,76.4,6.39,"Gamma","database","baja","success"
27.73,23.48,141,1,54.39,11.92,"Alpha","database","crítica","success"
22.38,26.31,164,1,71.67,6.61,"Gamma","api","media","success"
37.11,17.38,146,2,88.36,147.4,"Delta","database","alta","failed"
9.36,9.39,136,1,83.27,2.66,"Beta","api","baja","success"
3.04,26.19,122,3,61.84,22.42,"Delta","auth","media","success"
10.79,19.4,148,4,69.23,23.53,"Delta","database","media","success"
7.2,55.2,153,4,81.07,76.41,"Gamma","analytics","baja","success"
10.44,13.43,152,4,56.45,2.3,"Beta","auth","media","success"
19.09,23.01,140,3,58.82,13.86,"Delta","database","baja","success"
6.2,57.76,139,2,71.53,15.19,"Alpha","ui","media","success"
15.18,7.05,141,2,74.69,77.68,"Alpha","database","alta","success"
8.78,9.88,145,1,78.56,12.62,"Gamma","database","media","success"
15.29,15.27,137,3,76.91,3.05,"Beta","analytics","baja","failed"
10.41,34.08,143,1,51.98,3.86,"Delta","database","alta","success"
39.56,9.89,151,0,83.81,99.27,"Delta","api","alta","success"
4.91,10.15,140,3,75.39,41.7,"Gamma","database","baja","success"
5.38,15,135,0,78.85,28.55,"Gamma","database","crítica","success"
13.45,15.14,163,1,58.46,0.84,"Alpha","ui","media","success"
8.7,14.04,133,1,99.69,29.9,"Beta","ui","alta","rolled_back"
39.29,13.2,151,5,69.83,66.25,"Alpha","ui","media","success"
17.19,5.04,138,3,83.77,2.97,"Delta","auth","baja","success"
13.23,9.06,173,0,69.79,3.2,"Alpha","analytics","baja","failed"
34.87,22.82,173,3,59.51,9.67,"Gamma","api","baja","success"
14.6,7.79,175,2,NA,32.43,"Delta","ui","media","success"
16.92,15.75,138,2,76.76,20.16,"Gamma","analytics","media","success"
22.1,0.46,138,2,85.4,6.9,"Alpha","analytics","media","success"
7.02,7.33,156,3,59.39,29.86,"Gamma","analytics","media","failed"
18.88,50.85,157,1,73.74,12.31,"Gamma","api","baja","success"
25.86,38.78,153,1,61.47,2.35,"Delta","ui","crítica","success"
18.38,8.71,160,3,85.87,34.58,"Gamma","auth","baja","success"
13.23,19.25,170,2,80.55,10.85,"Alpha","analytics","baja","failed"
32.07,37.56,157,4,69.97,9.41,"Alpha","auth","baja","success"
10.9,19.83,151,1,97.44,1.48,"Beta","database","media","success"
1.98,49.07,132,1,56.19,11.81,"Gamma","analytics","crítica","success"
1.87,43.89,169,1,75.55,10.95,"Alpha","ui","baja","success"
18.39,40.91,133,4,92.82,1.87,"Alpha","analytics","media","success"
8.97,16.46,153,3,83.28,15.1,"Delta","ui","media","success"
7.44,33.91,156,0,67.45,14.61,"Gamma","auth","baja","success"
17.35,16.41,132,2,70.16,3.66,"Alpha","database","baja","success"
23.98,17.88,153,3,79.15,30.28,"Beta","database","baja","success"
14.21,19.92,170,4,92.36,10.63,"Beta","ui","baja","success"
7.29,5.17,143,0,97.97,3.26,"Beta","auth","media","failed"
10.01,36.2,151,2,79.81,4.26,"Gamma","analytics","baja","failed"
11.45,17.48,134,1,73.8,51.97,"Delta","database","alta","failed"
42.04,9.2,142,4,66.93,0.84,"Beta","auth","media","rolled_back"
5.31,10.11,157,0,93.91,4.99,"Alpha","database","alta","success"
9.12,32.09,139,0,69.67,5.9,"Delta","analytics","alta","success"
14.21,12.52,155,1,73.87,10.06,"Alpha","database","alta","success"
9.92,50.94,157,2,67.26,1.22,"Delta","auth","baja","success"
9.5,5.59,161,1,55.63,2.48,"Beta","auth","baja","success"
11.38,26.44,154,1,87.86,11.16,"Alpha","ui","baja","failed"
16.32,16.53,141,2,74.12,24.94,"Gamma","database","baja","success"
12.39,7.31,139,0,66.41,29.2,"Gamma","api","alta","success"
7.32,11.62,142,0,72.84,8.84,"Gamma","database","baja","success"
18.12,14.42,147,1,63.42,19.89,"Alpha","analytics","baja","success"
24.99,40.68,145,1,92.47,6.6,"Delta","auth","media","success"
32.88,13.25,152,2,100,2.36,"Alpha","ui","alta","success"
24.54,27.52,137,3,57.38,43.27,"Beta","analytics","media","failed"
37.33,20.95,146,0,75.66,11.14,"Alpha","database","crítica","success"
38.96,16.75,145,0,87.49,12.55,"Alpha","database","media","success"
13.5,11.97,182,1,78.43,7.97,"Alpha","auth","baja","success"
16.43,11.94,149,4,72.32,16.96,"Delta","auth","baja","success"
32.71,1.87,167,3,80.34,1.69,"Gamma","auth","media","success"
14.3,16.6,148,4,100,1.13,"Delta","auth","baja","success"
3.33,34.89,178,3,71.47,10.49,"Delta","database","media","failed"
13.33,8.81,145,0,77.46,14.26,"Delta","auth","baja","success"
16.98,31.35,149,0,70.37,46.97,"Alpha","ui","alta","success"
12.76,18.89,157,4,63.57,0.98,"Beta","database","alta","success"
21.45,65.41,146,2,78.16,69.26,"Alpha","database","baja","failed"
24.44,30.91,157,0,76.84,32.85,"Alpha","database","media","success"
22.45,4.91,165,1,76.94,54.87,"Gamma","ui","alta","success"
13.93,19.59,150,0,72.97,34.42,"Delta","ui","media","success"
26.18,34.99,160,3,55.87,35.11,"Beta","api","media","success"
13.8,7.64,135,3,82.76,2.11,"Gamma","database","media","failed"
14.28,14.22,144,1,78.98,18.18,"Alpha","analytics","media","failed"
13.51,53.74,159,1,100,3.68,"Gamma","database","alta","success"
18.9,27.68,132,3,63.76,19.01,"Beta","database","baja","success"
8.01,7.06,164,1,98.09,6.22,"Delta","analytics","media","success"
12.31,10.87,158,4,90.92,32.99,"Gamma","auth","baja","success"
4.07,8.34,150,1,60.99,76.54,"Beta","ui","baja","success"
10.13,15.81,181,3,70.86,46.87,"Delta","auth","crítica","success"
30.91,25.63,158,0,77.72,4.36,"Beta","database","alta","success"
12.05,11.64,154,1,70.05,3.43,"Gamma","database","media","success"
14.14,21.9,164,3,39.04,20.77,"Delta","database","media","success"
13.13,30.89,166,1,92.03,21.91,"Delta","ui","media","success"
4.99,12.71,140,2,82.53,30.49,"Gamma","database","baja","success"
14.68,19.1,164,2,73.41,1.22,"Delta","analytics","crítica","success"
18.72,14.77,148,1,79.15,1.67,"Alpha","database","media","success"
14.57,22.18,130,2,50.91,25.97,"Delta","api","baja","success"
25.86,40.29,150,3,75.85,89.65,"Beta","api","baja","success"
21.2,21.17,155,1,94.56,0.77,"Gamma","api","baja","success"
9.56,12.15,155,3,82.06,2.49,"Alpha","ui","baja","failed"
20.88,39.88,165,3,60.79,4.42,"Gamma","ui","alta","success"
2.75,14.52,152,4,63.31,4.6,"Alpha","ui","alta","success"
24.28,21.45,156,2,70.28,0.29,"Alpha","database","alta","success"
22.78,31.88,161,2,62.15,46.42,"Alpha","ui","baja","success"
14.48,49.72,129,4,78.35,1.49,"Delta","auth","media","success"
19.9,23.64,158,1,94.18,70.44,"Gamma","analytics","media","failed"
8.55,6.53,158,0,70.25,45.99,"Beta","database","baja","success"
39.23,20.44,136,4,66.38,5.98,"Alpha","ui","baja","failed"
6,2.83,166,0,87.78,16.48,"Gamma","database","baja","success"
24.37,12.83,145,1,74.3,14.48,"Beta","database","media","success"
9.39,36.14,161,2,78.69,12.91,"Beta","database","baja","success"
18.51,54.22,130,0,81.55,1.87,"Gamma","api","crítica","success"
16.51,9.57,143,1,76.03,11.18,"Gamma","auth","baja","success"
12.46,32.33,145,4,97.97,13.56,"Delta","database","media","success"
20.06,48.47,150,1,66.42,2.02,"Alpha","ui","alta","failed"
12.43,59.4,154,0,82.96,44.38,"Beta","api","media","failed"
23.8,6.34,159,2,80.03,22.94,"Delta","analytics","baja","success"
43.19,48.38,156,2,63.52,NA,"Gamma","auth","media","rolled_back"
16.33,3.86,158,1,82.27,27.63,"Gamma","database","media","success"
19.03,53.16,171,2,91.85,28.53,"Gamma","auth","baja","success"
26.35,24.23,169,3,58.99,4.34,"Beta","api","media","rolled_back"
15.56,9.06,170,1,100,7.13,"Gamma","auth","alta","success"
24.56,12.67,156,2,60.38,10.66,"Beta","database","alta","success"
22.28,24.22,138,3,79.34,17.57,"Delta","api","alta","failed"
15.66,2.45,143,4,NA,20.38,"Beta","api","baja","success"
10.62,7.82,136,2,68.88,34.9,"Beta","auth","baja","success"
10,67.79,154,2,69.75,18.73,"Alpha","database","baja","failed"
12.32,34.57,137,2,83.61,30.19,"Beta","database","baja","success"
26.65,22.57,153,2,72.25,18.36,"Alpha","analytics","alta","success"
14.32,13.98,148,2,69.31,28.09,"Alpha","api","alta","success"
3.91,13.07,150,0,80.31,21.35,"Gamma","ui","crítica","success"
20.18,15.9,144,2,77.72,5.85,"Delta","database","media","failed"
21.3,12.45,144,3,91.95,26.17,"Gamma","ui","media","success"
15.14,6.86,132,1,73.55,9.14,"Alpha","api","media","success"
5.94,26.79,136,2,85.44,6.92,"Delta","ui","crítica","success"
17.57,5.56,176,2,81.48,20.93,"Gamma","ui","crítica","failed"
4.49,15.58,152,1,100,31.03,"Delta","api","baja","success"
3.88,8.53,167,3,75.87,6.24,"Beta","database","baja","success"
8.33,24.62,155,1,65.67,21.73,"Delta","ui","media","success"
24.43,12.79,146,1,68.33,9.73,"Gamma","api","media","failed"
16.97,16.82,155,2,70.13,28.93,"Beta","auth","media","success"
13.46,10.44,146,2,100,14.86,"Delta","ui","baja","success"
25.24,12.99,140,0,90.33,7.88,"Beta","ui","alta","success"
18.7,17.63,136,3,60.75,46.7,"Gamma","auth","baja","rolled_back"
10.15,14.8,162,3,68.35,45.27,"Alpha","api","baja","success"
11.48,36.96,148,0,67.62,37.75,"Delta","database","baja","success"
4.13,35.58,148,3,96.39,7.63,"Gamma","database","baja","success"
4.91,28.61,127,2,81.7,5.32,"Delta","ui","baja","success"
13.96,18.71,149,5,84.44,0.25,"Alpha","ui","media","success"
19.66,11.95,156,3,80.89,4.99,"Delta","ui","baja","success"
8.36,10.88,154,2,95.34,2.88,"Delta","api","alta","success"
18.25,5.35,148,5,75.66,39.34,"Beta","auth","crítica","success"
7.13,17.67,134,0,74.79,13.89,"Alpha","database","media","rolled_back"
17.5,28.15,155,3,69.9,16.35,"Alpha","analytics","media","success"
16.65,5.2,154,1,81.24,33.73,"Delta","api","alta","success"
18.17,26.68,142,2,79.16,2.1,"Gamma","auth","baja","success"
8.87,29.85,166,3,86.73,35.24,"Beta","ui","media","success"
22.7,21.46,135,3,72.54,14.25,"Gamma","database","media","rolled_back"
16.53,7.87,154,2,65.97,4.48,"Delta","api","alta","success"
10.88,8.33,162,2,61.61,22.45,"Alpha","analytics","media","failed"
4.86,9.73,149,1,76.82,13.72,"Beta","api","media","success"
22.84,10.79,150,3,77.06,61.54,"Gamma","database","baja","success"
6.4,11.37,140,2,86.6,2.4,"Delta","api","media","failed"
12.1,7.92,132,2,80.81,11.85,"Alpha","ui","baja","rolled_back"
4.31,30.5,153,3,100,24.81,"Gamma","auth","crítica","success"
26.02,6.9,148,6,86.89,0.47,"Beta","analytics","crítica","failed"
5.3,9.15,141,0,66.31,14.78,"Alpha","analytics","baja","success"
6.35,17.65,150,0,59.83,3.94,"Beta","database","media","failed"
21.45,14.16,138,1,62.19,1.75,"Delta","database","baja","success"
37.38,15.19,150,0,74.93,7.27,"Gamma","database","baja","failed"
16.17,21.88,156,1,79.64,5.29,"Beta","database","baja","success"
11.32,30.1,132,2,67.99,18.51,"Alpha","auth","baja","success"
45.74,18.88,171,1,94.32,12.22,"Gamma","api","baja","failed"
25.96,8.65,115,2,92.37,21.83,"Alpha","api","baja","success"
23.58,25.66,156,2,83.78,5.09,"Alpha","analytics","alta","failed"
19.49,41.28,175,3,63.97,0.14,"Alpha","ui","media","rolled_back"
13.84,45.09,148,3,86.6,6.02,"Beta","analytics","alta","success"
9.72,9.41,166,1,64.97,0.13,"Delta","api","media","success"
5.12,7.69,178,2,91.58,4.41,"Beta","database","baja","success"
5.44,6.32,167,1,86.3,5.02,"Beta","api","media","failed"
24.96,36.35,156,4,73.41,3.38,"Gamma","auth","baja","success"
21.98,25.13,150,1,69.87,8.8,"Gamma","auth","media","success"
6.95,14.35,167,0,100,15.29,"Delta","auth","baja","success"
39.45,14.3,160,2,63.44,22.07,"Gamma","analytics","baja","success"
22.53,5.66,143,1,58.52,2.98,"Delta","api","media","failed"
5.87,19.95,153,2,81.13,7.78,"Gamma","database","baja","success"
10.11,11.58,137,3,61,5.19,"Gamma","auth","crítica","success"
10.13,22.7,144,3,72.68,62.56,"Delta","analytics","alta","success"
2.65,2.58,153,4,49.32,4.83,"Gamma","analytics","baja","success"
9.99,6.1,124,2,57.5,17.38,"Alpha","auth","baja","failed"
10.92,14.27,136,1,61.23,6.16,"Gamma","auth","baja","success"
19.52,17.43,171,2,79.49,16.05,"Delta","database","baja","success"
13.22,24.33,174,3,66.61,41.51,"Delta","analytics","crítica","success"
18.61,30.2,160,1,56.7,18.43,"Alpha","ui","baja","success"
16.62,16.91,151,3,64.34,8.64,"Beta","api","alta","success"
15.43,26,132,0,78.07,1.47,"Beta","ui","baja","success"
24.54,4.86,129,3,83.39,39.85,"Beta","api","media","success"
8.73,13.99,164,5,70.57,3.79,"Gamma","analytics","baja","success"
12.76,7.88,172,3,63.59,25.53,"Gamma","database","media","success"
5.65,41.02,140,2,64.08,7.48,"Beta","auth","alta","success"
3.71,27.84,158,2,76.06,11.14,"Gamma","api","baja","failed"
8.97,10.49,150,1,78,35.96,"Delta","analytics","baja","failed"
21.16,9.94,138,1,60.08,18.54,"Alpha","database","baja","success"
18.28,21.41,140,4,64.43,9.95,"Gamma","ui","media","success"
8.21,1.78,143,0,68.04,7.83,"Gamma","analytics","baja","failed"
18.21,16.72,138,4,84.04,4.29,"Alpha","analytics","media","success"
11.78,18.76,152,3,85,21.71,"Gamma","api","alta","success"
5.41,31.02,150,1,66.72,33.63,"Beta","auth","crítica","success"
8.49,14.35,151,5,72.36,0.88,"Beta","api","media","success"
21.54,6.99,154,1,82.21,17.81,"Delta","auth","alta","success"
8.75,20.17,130,3,97.23,8.05,"Alpha","analytics","crítica","success"
27.3,11.98,156,3,68.13,47.33,"Delta","api","media","success"
5.48,3.8,168,2,67.13,18.82,"Beta","api","baja","success"
28.62,10.64,150,2,78.88,12.67,"Beta","analytics","media","success"
13.01,11.6,159,0,69.22,17.09,"Delta","analytics","baja","success"
22.47,26.21,159,4,81.91,21.85,"Beta","auth","baja","success"
19.55,5.94,145,2,57.15,7.44,"Beta","api","alta","success"
9.88,89.8,153,2,84.3,28.98,"Gamma","ui","baja","success"
5.71,21.57,133,3,92.81,13.56,"Delta","auth","alta","failed"
15.17,22.2,148,1,65.02,31.91,"Gamma","auth","baja","success"
4.06,24.49,169,3,57.24,63.63,"Beta","analytics","alta","success"
11.57,5.1,133,0,78.73,0.93,"Gamma","auth","media","success"
13.46,8.49,123,1,65.79,104.62,"Gamma","analytics","media","success"
16.71,7.58,143,5,70.08,11.52,"Beta","database","media","success"
20.57,11.55,156,2,73.53,18.51,"Gamma","analytics","baja","success"
19.38,27.07,168,1,46.3,22.73,"Gamma","auth","baja","success"
9.11,1.12,157,1,93.54,16.83,"Beta","ui","baja","success"
13.67,13.82,157,2,53.37,18.3,"Delta","database","baja","success"
9.82,10.48,138,1,88.4,37.94,"Delta","auth","media","rolled_back"
15.24,17.35,153,3,71.26,14.46,"Beta","analytics","media","success"
14.03,2.34,154,1,84.8,29.14,"Beta","api","media","success"
22.16,56.82,147,1,69.77,32.8,"Alpha","ui","baja","success"
32.39,6.76,151,2,74.63,16.75,"Delta","auth","baja","success"
10.43,33.77,163,5,72.62,18.29,"Beta","auth","baja","success"
37.35,3.37,153,3,85.32,11.93,"Beta","analytics","baja","success"
14.42,5.34,166,1,62.2,8.46,"Alpha","api","media","failed"
6.87,44.33,163,2,68.24,3.52,"Alpha","api","baja","success"
14.72,35.99,137,3,NA,24.91,"Gamma","ui","baja","success"
21.49,17.09,164,1,94.46,29.09,"Alpha","database","baja","success"
9.56,32.15,159,2,82.17,9.4,"Gamma","api","alta","success"
3.77,20,152,0,67.95,15.35,"Alpha","database","alta","success"
11.12,14.25,148,1,76.85,3.25,"Delta","auth","media","success"
4.52,29.42,158,2,82.51,15.73,"Beta","auth","baja","success"
27.35,1.06,164,1,67.84,32.78,"Alpha","database","baja","success"
9.36,2.22,149,1,70.82,2.05,"Alpha","auth","baja","success"
10.5,18.57,131,3,79.28,NA,"Gamma","analytics","baja","failed"
24.98,25.49,133,2,71.41,54.64,"Gamma","analytics","media","success"
28.98,51.31,124,0,73.7,0.13,"Alpha","ui","baja","success"
11.37,20.51,157,4,71.59,39.34,"Beta","analytics","media","success"
5.67,9.66,154,1,69.74,6.76,"Alpha","auth","baja","success"
5.62,49.39,158,0,88.69,11.76,"Gamma","api","baja","failed"
2.84,62.95,142,1,68.55,15.87,"Beta","auth","crítica","success"
5.95,9.66,159,3,76.83,52.63,"Gamma","analytics","baja","success"
15.72,13.6,141,1,88.01,11.2,"Delta","auth","baja","success"
19.87,19.22,162,4,74.2,17.95,"Gamma","api","alta","success"
15.89,8.8,143,3,72.92,9.2,"Beta","ui","alta","success"
24.01,33.73,160,4,69.63,4.7,"Alpha","api","alta","success"
1.56,18.11,151,3,73.38,16.26,"Beta","auth","crítica","failed"
14.11,22.06,141,1,44.22,9.79,"Delta","ui","media","success"
11.63,4.2,152,2,71.37,32.62,"Gamma","auth","media","success"
36.6,17.91,153,1,70.62,30.19,"Beta","database","media","failed"
12.01,8.41,157,0,70.09,0.64,"Alpha","api","media","success"
7.86,6.53,147,2,64.79,74.82,"Alpha","analytics","baja","failed"
13.72,23.59,171,1,86.5,17.71,"Delta","database","baja","rolled_back"
7.01,50.4,150,3,71.91,25.86,"Beta","ui","alta","success"
14.75,9.35,132,0,76.52,16.74,"Delta","api","baja","success"
15.75,26.85,147,5,70.33,13.76,"Beta","api","baja","success"
18.44,14.5,146,3,75.75,12.4,"Gamma","api","media","failed"
15.87,17.94,154,3,95.66,23.17,"Delta","analytics","baja","success"
9.76,39.3,141,0,100,1.33,"Delta","ui","alta","success"
18.51,21.13,149,3,60.73,2.5,"Gamma","ui","media","success"
2.94,13.82,148,2,87.54,3.03,"Gamma","database","media","success"
28.2,15.29,130,4,72.94,15.74,"Alpha","api","alta","success"
10.45,38.94,151,2,75.13,11.04,"Beta","ui","baja","success"
24.5,58.12,154,4,92.61,11.48,"Delta","api","media","failed"
13.33,40.99,145,2,67.34,0.95,"Beta","database","alta","failed"
21.44,8.99,172,6,66.92,2.49,"Beta","ui","media","success"
9.71,10.67,136,1,62.73,9.82,"Delta","ui","alta","success"
6.89,10.97,143,0,55.87,31.81,"Gamma","auth","media","success"
16.66,27.13,163,1,77.45,32.84,"Beta","database","baja","failed"
24.4,10.29,147,5,90.09,14.37,"Gamma","ui","alta","success"
21.12,2.73,149,0,73.35,10.36,"Alpha","api","baja","success"
7.34,18.41,171,3,72.37,29.38,"Gamma","auth","media","failed"
14.58,13.47,156,2,62.75,33.83,"Alpha","api","baja","success"
13.28,5.81,165,2,59.38,1.66,"Beta","auth","alta","failed"
2.96,13.6,166,3,75.66,9.25,"Beta","ui","baja","success"
21.58,36.02,131,2,67.9,15.55,"Gamma","database","media","success"
12.81,2.2,141,2,62.48,16.73,"Delta","database","alta","success"
13.53,8.66,146,3,75.69,47.87,"Delta","database","media","success"
19.15,3,151,1,79.52,2.82,"Beta","auth","baja","success"
12.01,10.92,128,0,74.86,1.22,"Alpha","database","baja","success"
13.43,7.05,163,4,84.41,21.81,"Beta","api","alta","success"
18.18,5.34,169,3,79.1,62.89,"Beta","api","crítica","success"
7.51,44.39,155,0,77.39,23.57,"Beta","database","media","success"
19.9,6.02,171,2,84.79,47.04,"Beta","database","baja","failed"
10.75,16.09,163,1,92.22,5.04,"Alpha","database","baja","success"
9.5,29.17,169,2,65.68,9.07,"Alpha","auth","media","success"
23.46,11.09,141,2,58.19,7.42,"Gamma","auth","media","success"
22.43,13.08,163,2,80.02,0.73,"Gamma","api","crítica","success"
10.23,12.84,135,1,79.63,48.66,"Alpha","database","baja","success"
42.87,24.22,143,2,63.58,8.18,"Alpha","analytics","baja","success"
34.09,8.81,154,4,70.43,7.19,"Beta","auth","baja","success"
24.24,18.41,156,3,92.36,8.17,"Delta","analytics","alta","success"
4.43,10.6,166,3,75.25,37.08,"Gamma","database","media","failed"
11.37,5.22,144,3,100,35.88,"Gamma","database","alta","success"
3.9,14.86,140,1,77.36,22.13,"Alpha","analytics","media","success"
3.92,10.04,138,0,72.36,26.07,"Delta","analytics","baja","failed"
5.54,14.2,157,2,76.71,17.4,"Beta","database","crítica","success"
8.62,33.69,128,4,81.99,9,"Alpha","auth","baja","success"
12.66,18.74,139,1,54.63,43.98,"Alpha","api","alta","success"
23.83,11.82,146,4,100,31.83,"Alpha","database","baja","success"
16.78,15.29,134,4,82.62,6.88,"Alpha","ui","media","success"
10.15,10.92,153,1,59.27,20.81,"Alpha","api","crítica","success"
4.18,105.3,143,2,80.69,7.25,"Alpha","api","media","failed"
7.98,3.19,144,3,74.46,0.34,"Gamma","api","alta","failed"
33.68,54.98,145,3,69.06,5.82,"Gamma","api","baja","success"
13.97,27.16,154,0,75.67,63.91,"Delta","api","alta","failed"
19.42,17.96,141,6,82.19,10.95,"Delta","database","baja","rolled_back"
15.99,5.79,171,3,73.91,3.38,"Delta","analytics","media","success"
8.39,4.18,136,1,79.4,2.48,"Delta","database","alta","failed"
18.06,31.23,151,0,57.65,38.95,"Beta","analytics","baja","success"
15.07,11.73,156,3,92.66,15.01,"Gamma","api","crítica","success"
16.87,35.1,139,0,72.76,2.38,"Alpha","auth","media","success"
5.28,27.98,149,2,81.6,4.71,"Gamma","api","baja","success"
9.34,27.49,157,3,73.78,22.29,"Delta","database","baja","success"
26.14,24.33,132,1,87.28,20.27,"Alpha","auth","crítica","success"
6.26,10.95,137,4,100,106.45,"Beta","analytics","media","success"
5.7,14.8,160,3,77.59,17.05,"Beta","analytics","baja","success"
15.53,45.19,155,4,69.07,0.45,"Gamma","api","alta","success"
20.62,26.02,150,1,73.56,34.23,"Delta","analytics","baja","rolled_back"
26.65,23.28,148,2,98.41,63.27,"Alpha","ui","crítica","success"
12.06,16.87,144,4,66.08,0.66,"Beta","auth","baja","failed"
10.91,3.96,158,1,79.87,1.29,"Delta","ui","alta","success"
2.83,41.8,158,1,79.57,1.04,"Delta","analytics","alta","success"
6.31,9.96,156,1,95.98,14.09,"Beta","database","baja","success"
7.93,41.62,181,2,70.87,17.99,"Beta","api","baja","success"
6.85,3.3,158,2,56.5,6.95,"Alpha","api","crítica","success"
10.7,17.97,146,1,84.03,9.71,"Beta","api","media","failed"
10.34,11.97,142,2,77.16,53.34,"Gamma","database","media","success"
9.89,35.14,136,1,100,18.95,"Beta","analytics","alta","success"
10.91,26.61,145,2,68.62,1.41,"Gamma","database","crítica","success"
19.77,13.02,146,1,90.05,5.32,"Beta","ui","baja","success"
17.79,24.47,156,1,78.14,4.39,"Delta","database","alta","success"
8.81,31.07,145,3,66.69,66.22,"Gamma","analytics","baja","success"
23.52,5.79,145,1,62.11,61.42,"Delta","auth","baja","success"
15.05,21.4,158,4,56.52,1.79,"Beta","analytics","baja","success"
12,19.32,162,1,44.32,13.01,"Gamma","database","media","success"
6.8,19.51,170,3,87.02,49.71,"Alpha","ui","crítica","success"
17.81,34.56,177,0,79.05,6.7,"Delta","auth","baja","success"
20.07,24.79,134,3,92.91,7.9,"Gamma","database","media","failed"
3.97,4.42,121,4,91.47,28.05,"Alpha","database","alta","success"
13.09,18.15,172,5,52.18,36.61,"Beta","api","media","success"
29.91,31.67,141,0,84.02,14.95,"Alpha","database","media","success"
30.13,52.64,155,5,85.28,48.08,"Beta","api","baja","success"
7.36,9.83,145,2,100,12.35,"Alpha","analytics","baja","rolled_back"
14.39,11.25,151,5,65.97,0.73,"Gamma","analytics","baja","failed"
8.67,3.98,161,1,95.84,9.2,"Gamma","api","baja","success"
12.46,11.84,148,2,65.23,9.39,"Gamma","api","media","success"
7.31,8.09,148,1,68.52,20.35,"Gamma","ui","baja","success"
5.64,8.06,156,2,66.86,0.97,"Beta","auth","crítica","success"
7.88,27.84,146,1,NA,4.98,"Alpha","api","media","rolled_back"
12.33,7.12,141,3,68.46,8.72,"Beta","ui","alta","success"
22.59,32.02,148,1,87.19,9.84,"Delta","database","alta","success"
4,30.53,142,1,80.48,11.92,"Alpha","auth","crítica","success"
20.9,9.7,158,0,81.94,4.46,"Alpha","analytics","baja","success"
8.94,9.49,158,1,80.87,23.33,"Gamma","ui","alta","success"
6.74,25.39,138,2,76.91,21.01,"Alpha","database","baja","success"
7.87,12.95,152,1,89.05,51.97,"Beta","api","media","failed"
11.7,20.16,146,3,60.79,45.69,"Gamma","ui","crítica","failed"
19.74,23.28,147,1,100,53.28,"Alpha","api","media","failed"
30.27,3.56,140,4,71.3,93.4,"Gamma","database","baja","success"
32.39,38.53,155,1,55.95,28.11,"Alpha","analytics","media","success"
22.02,60.78,136,6,90.87,12.53,"Delta","ui","baja","success"
5.2,6.25,146,5,90.97,0.43,"Beta","database","alta","success"
17.37,11.89,137,2,61.36,20.46,"Alpha","database","baja","rolled_back"
14.46,18.15,160,1,80.71,9.12,"Beta","auth","alta","success"
22,40.18,139,1,83.09,8.41,"Delta","api","baja","success"
11.57,17.86,156,1,69.37,11.2,"Beta","analytics","baja","success"
18.45,11.21,146,0,86.8,43.79,"Alpha","auth","media","success"
18.37,34.83,136,1,83.5,25.54,"Gamma","auth","baja","success"
23.24,12.33,127,0,90.72,41.31,"Gamma","database","media","success"
29.1,18.49,142,0,100,18.05,"Gamma","api","media","success"
10.42,28.32,156,0,51.03,42.55,"Beta","api","alta","failed"
5.21,18.41,181,5,58.4,11.2,"Gamma","ui","alta","success"
20.78,7.71,145,1,70.66,2.28,"Beta","ui","baja","success"
4.61,12.95,161,4,59.34,6.11,"Gamma","database","alta","success"
15.21,15.49,137,4,75.41,31.73,"Alpha","ui","media","success"
19.34,10.28,147,1,87.26,114.69,"Alpha","auth","baja","success"
32.02,17.95,154,1,74.89,7.95,"Beta","auth","baja","failed"
8.21,30.06,135,1,70.85,9.34,"Beta","auth","baja","success"
19.4,13.54,167,0,49.53,17.51,"Delta","ui","media","failed"
6.35,1.66,167,1,86.33,25.7,"Alpha","auth","crítica","success"
52.91,6.01,159,3,86.08,26.89,"Beta","analytics","baja","success"
11.66,23.66,156,2,84.75,5.96,"Alpha","analytics","alta","success"
26.75,2.47,152,2,74.84,27.36,"Gamma","auth","alta","success"
6.75,0.9,157,1,72.76,25.59,"Gamma","database","alta","success"
11.72,13.75,146,5,36.07,3.87,"Gamma","api","alta","success"
14.43,8.46,162,1,82.11,49.6,"Delta","database","crítica","success"
4.52,53.62,142,2,80.88,29.37,"Beta","database","baja","success"
19.4,0.65,154,3,58.79,10.95,"Gamma","api","baja","success"
10.12,23.81,132,5,68.59,19.4,"Beta","api","baja","success"
6.59,20.51,140,3,81.47,21.85,"Gamma","auth","media","success"
30.09,25.82,153,1,75.14,15.28,"Beta","api","baja","success"
10.49,10.59,160,5,53.03,8,"Gamma","ui","baja","success"
11.8,34.06,135,1,64.06,69.36,"Delta","analytics","baja","success"
20.85,44.35,144,2,82.26,59.45,"Gamma","auth","media","success"
25.86,19.11,146,1,63.54,3.75,"Gamma","analytics","baja","success"
32.67,15.31,160,2,76.89,16.62,"Delta","api","media","success"
29.09,6.61,120,0,84.91,5.35,"Delta","ui","crítica","success"
14.44,21.37,151,2,62.91,10.32,"Gamma","ui","baja","failed"
7.51,9.84,162,0,88.41,5.83,"Beta","database","baja","success"
10.31,14.15,137,2,86.75,44.24,"Delta","ui","baja","failed"
19,34.74,147,0,74.31,34.93,"Gamma","auth","alta","failed"
5.96,30.96,151,5,73.37,0.39,"Delta","ui","crítica","failed"
12.71,13.97,153,3,75.22,70.14,"Beta","auth","baja","success"
14.71,19.53,149,5,86.14,18.9,"Beta","analytics","baja","success"
8.89,16.38,158,1,62.97,2.04,"Delta","api","baja","success"
6.85,12.2,150,1,64.49,70.6,"Alpha","analytics","alta","success"
51.49,4.01,160,2,73.26,95.82,"Alpha","api","baja","success"
9.59,10.23,143,3,74.66,14.7,"Alpha","api","baja","rolled_back"
17.08,6.79,150,0,71.25,1.01,"Gamma","api","alta","success"
29.83,15.58,142,1,78.17,22.38,"Delta","auth","alta","success"
11.28,11.97,156,1,75.07,1.51,"Gamma","analytics","alta","success"
28.09,16.11,132,0,75.67,25.81,"Delta","database","crítica","success"
9.17,19.2,133,3,79.23,3.86,"Alpha","database","alta","success"
19.04,7.17,123,1,59.07,8.56,"Beta","api","baja","failed"
17.06,8.88,156,2,69.03,3.08,"Delta","analytics","crítica","success"
16.74,25.71,152,0,69.26,4.37,"Alpha","api","alta","success"
19.01,8.31,137,2,59.39,5.75,"Alpha","database","baja","failed"
11.87,26.22,133,1,69.46,38.06,"Beta","auth","media","success"
9.16,7.09,139,1,68.88,6.7,"Delta","auth","alta","success"
3.16,27.38,143,5,76.06,5.18,"Alpha","ui","baja","success"
9.85,4.45,142,0,67.4,16.61,"Delta","api","alta","success"
22.82,5.44,141,0,73.93,23.05,"Alpha","ui","media","success"
3.39,21.72,133,3,75.22,32.08,"Alpha","api","alta","success"
10.59,22.14,156,1,87.66,15.72,"Beta","analytics","baja","success"
14.44,12.14,144,0,65.75,14.33,"Alpha","api","media","success"
3.4,19.4,176,3,75.27,0.94,"Gamma","auth","crítica","success"
16.4,4.83,144,2,82.37,19.55,"Beta","api","crítica","success"
4.32,39.01,129,1,67.38,39.03,"Delta","database","media","success"
14.31,43.39,137,2,100,167.81,"Beta","auth","crítica","success"
30.23,21.88,156,2,68.19,25.59,"Delta","database","crítica","success"
14.9,3.92,157,1,89.42,2.42,"Gamma","database","crítica","success"
6.71,22.07,166,0,70.5,22.2,"Gamma","database","media","success"
25.45,23.72,154,2,75.76,36.05,"Beta","ui","media","success"
3.77,20.2,144,0,71.04,60.6,"Gamma","ui","baja","success"
14.78,52.11,185,0,72.09,9.87,"Delta","api","media","rolled_back"
23.65,3.48,140,1,55.41,2.12,"Alpha","database","crítica","success"
13.74,6.28,129,0,89.44,7.46,"Gamma","ui","baja","success"
10.93,37.37,146,4,86.96,45.87,"Alpha","auth","baja","success"
27.68,34.61,159,5,85.3,14.67,"Gamma","auth","baja","success"
4.89,5.71,146,2,62.84,4.62,"Gamma","database","media","success"
15.07,8,161,2,74.68,9.39,"Beta","ui","baja","success"
6.54,25.63,146,4,83.93,17.18,"Alpha","database","alta","success"
21.87,38.05,134,2,95.25,47.98,"Gamma","database","baja","success"
3.92,38.25,153,1,86.51,6.73,"Gamma","api","baja","success"
16.16,21.45,167,1,73.42,13.24,"Beta","api","crítica","success"
17.61,7.77,130,1,82.95,8.9,"Beta","analytics","baja","success"
12.6,27.86,162,2,75.88,32.74,"Delta","auth","baja","success"
3.9,31.86,156,1,69.27,17.5,"Beta","analytics","crítica","success"
6.98,3.51,144,5,76.61,8.34,"Gamma","auth","alta","success"
38.3,9.17,172,2,64.36,34.81,"Delta","database","baja","success"
15.76,22.47,148,2,69.65,2.32,"Alpha","database","baja","success"
11.62,35.05,152,1,82.03,2.05,"Delta","database","alta","success"
16.2,14.89,152,2,91.39,17.37,"Gamma","database","media","success"
22.32,14.04,139,0,62.83,7.74,"Delta","database","media","success"
22.46,25.76,147,4,65.42,1.82,"Beta","ui","baja","success"
19.85,17.23,148,3,94.17,3.14,"Delta","database","alta","success"
15.98,22.15,139,4,48.68,33.66,"Alpha","analytics","baja","failed"
15.42,13.27,145,0,82.77,9.05,"Alpha","database","alta","success"
7.85,18.45,119,6,75.45,13.49,"Beta","api","media","success"
25.86,31.55,137,3,81.83,21.5,"Gamma","auth","media","success"
6.95,23.23,134,4,86.94,14.63,"Gamma","api","crítica","failed"
29.49,6.87,164,5,66.31,4.05,"Gamma","database","baja","success"
17.33,32.03,159,1,100,1.22,"Alpha","ui","alta","failed"
22.42,3.35,152,3,77.49,35.45,"Alpha","auth","baja","success"
12.74,5.79,155,3,91.79,0.3,"Alpha","analytics","baja","rolled_back"
5.8,19.9,150,4,64.36,39.67,"Gamma","auth","baja","success"
4.36,2.5,164,2,71.88,49.84,"Gamma","analytics","alta","failed"
9.38,16.14,131,2,59.7,7.07,"Beta","ui","baja","success"
15.44,21.52,161,3,78.48,13.97,"Beta","api","alta","success"
6.54,11.95,186,1,72.56,70.84,"Beta","database","crítica","success"
32.52,32.33,155,3,84.84,10.01,"Alpha","analytics","crítica","success"
9.24,1.86,125,4,77.21,49.8,"Gamma","analytics","baja","failed"
51.36,64.21,156,2,82.52,5.2,"Delta","api","crítica","failed"
11.18,4.89,160,3,72,29.78,"Alpha","ui","media","success"
9.06,4.6,143,4,75.63,1.3,"Beta","ui","baja","failed"
17.79,46.26,154,3,94.74,53.84,"Beta","api","baja","success"
22.89,13.39,113,0,55.5,17.56,"Alpha","analytics","alta","success"
15.69,15.06,153,2,97.75,45.9,"Gamma","api","baja","failed"
11.62,1.74,147,0,91,10.86,"Gamma","ui","crítica","success"
19.93,38.47,146,4,78.22,9.73,"Alpha","database","baja","success"
9.02,7.91,162,2,47.56,15.87,"Beta","api","baja","success"
20.65,6.48,134,2,96.12,2.8,"Delta","auth","crítica","failed"
9.68,53.58,158,1,68.56,30.93,"Delta","analytics","crítica","success"
7.97,21.46,139,2,61.33,30.13,"Alpha","auth","alta","failed"
10.41,55.82,147,4,76.51,57.47,"Gamma","analytics","crítica","success"
22.98,11.64,157,4,70.19,22.32,"Delta","ui","alta","failed"
13.71,11.43,141,2,97.48,1.05,"Alpha","ui","baja","rolled_back"
27.59,12,129,0,63.26,14.96,"Delta","auth","alta","failed"
10.17,16.08,170,1,71.44,7.47,"Delta","database","media","success"
9.04,16.13,146,3,58.59,6.46,"Beta","analytics","crítica","success"
35.74,3.99,138,4,67.67,26.85,"Delta","api","baja","failed"
17.68,11.8,170,3,84.22,32.76,"Delta","database","baja","success"
8.6,8.22,168,2,64.1,2.98,"Beta","api","alta","success"
23.84,14.31,143,1,91.26,9,"Gamma","auth","alta","success"
10.41,31.7,150,3,60.33,17.55,"Gamma","analytics","baja","success"
10.1,8.74,158,0,89.24,28.39,"Delta","ui","alta","success"
7,11.89,159,2,65.41,5.47,"Gamma","ui","media","rolled_back"
14.86,57.01,170,0,62.2,11.58,"Gamma","auth","baja","success"
27.7,43.61,168,0,59.85,7.71,"Alpha","analytics","baja","success"
30.12,17.07,153,3,90.97,34.28,"Alpha","database","media","success"
12.19,2.94,151,5,55.53,8.59,"Beta","analytics","baja","success"
20.13,92.05,159,3,76.64,17.71,"Gamma","api","crítica","success"
10.98,36.11,153,1,68.73,11.97,"Beta","api","baja","success"
9.95,33.6,148,2,73.66,18.36,"Beta","database","baja","success"
21.71,28.57,154,0,50.17,21.09,"Alpha","auth","alta","success"
22.54,20.12,151,2,78.33,6.5,"Gamma","api","media","success"
16.77,20.07,155,3,64.21,8.28,"Beta","analytics","baja","success"
21.98,8.73,148,0,58.85,36.26,"Beta","ui","crítica","success"
3.06,29.13,164,3,50.6,8,"Alpha","database","media","success"
15.5,22.48,140,2,82.11,14.7,"Beta","database","baja","failed"
6,9.36,156,1,76.75,3.75,"Beta","database","media","success"
21.83,14.96,162,3,77.09,10.94,"Gamma","auth","baja","failed"
7.02,9.19,175,0,90.08,19.79,"Gamma","analytics","baja","success"
9.95,20.66,162,4,68.14,5.08,"Delta","analytics","baja","success"
11.89,23.2,160,4,70.02,17.11,"Alpha","analytics","alta","success"
24.68,20.06,138,1,60.3,23.6,"Alpha","analytics","baja","success"
6.31,36.37,142,1,53.81,15.82,"Beta","auth","baja","success"
12.74,16.01,155,1,72.24,42.1,"Alpha","database","baja","success"
37.45,8,167,4,64.05,12.83,"Gamma","ui","media","success"
20.81,42.91,138,4,69.85,1.18,"Delta","analytics","media","failed"
6.25,16.1,165,2,61.88,3.4,"Gamma","auth","baja","success"
8.09,11.31,125,0,85.38,59.21,"Gamma","database","baja","success"
18.24,8.67,168,3,82.69,42.57,"Alpha","auth","alta","success"
22.9,6.84,157,3,77.54,34.81,"Delta","database","media","success"
13.4,26.23,152,5,64.08,6.79,"Gamma","database","crítica","success"
30.11,28.44,173,0,93.02,71.63,"Delta","analytics","alta","success"
21.09,13.33,131,3,61.29,11.32,"Alpha","ui","baja","success"
14.21,19.55,139,5,52.12,50.23,"Alpha","analytics","media","success"
8.29,12.6,139,2,86.09,21.21,"Gamma","ui","baja","success"
21.77,17.66,152,1,85.51,0.98,"Gamma","api","baja","failed"
33.59,8.66,154,2,63.21,16.9,"Alpha","api","alta","failed"
6.44,15.63,140,1,83.14,9.75,"Delta","database","baja","success"
6.86,6.25,146,2,71.52,9.57,"Beta","api","baja","success"
17.46,7.94,131,1,83.14,4.2,"Gamma","analytics","alta","failed"
26.25,13.11,140,3,83.7,6.85,"Delta","api","alta","success"
13.35,12.33,142,3,89.17,42.36,"Gamma","analytics","baja","success"
6.41,19.24,136,2,73.13,3.18,"Alpha","auth","media","success"
1.2,8.93,151,1,74.8,NA,"Delta","ui","alta","success"
3.7,11.49,154,2,72.52,35.23,"Gamma","auth","baja","success"
19.89,24.77,175,6,74.94,16.37,"Delta","ui","media","success"
1.54,6.81,129,2,65.91,0.41,"Beta","database","media","rolled_back"
15.17,22.67,149,3,86.79,19.33,"Alpha","auth","baja","success"
17.44,39.56,161,1,80.73,5.25,"Gamma","database","baja","success"
23.05,28.66,142,1,52.68,109.34,"Delta","auth","crítica","success"
7.1,21.22,155,3,92.76,33.58,"Gamma","analytics","baja","success"
6.58,29.55,159,3,68.03,2.53,"Gamma","database","media","rolled_back"
16.31,7.57,142,3,73.22,15.66,"Delta","ui","baja","success"
12.67,16.25,169,1,49.37,1.43,"Beta","analytics","alta","failed"
14.01,23.74,114,4,75.74,0.21,"Delta","auth","crítica","success"
4.28,11.21,152,1,62.36,20.92,"Delta","database","media","success"
15.77,21.72,146,0,77.95,18.74,"Delta","ui","media","failed"
0.74,21.84,154,1,82.53,1.67,"Gamma","ui","alta","success"
10.7,29.75,136,3,70.75,50.52,"Alpha","api","media","success"
13.28,14.52,140,3,63.88,13.78,"Delta","ui","baja","success"
9.03,19.99,143,2,97.77,23.72,"Beta","database","crítica","success"
2.71,8.96,145,1,82.56,16.35,"Alpha","api","alta","success"
15.04,1.05,150,0,64.07,31.84,"Gamma","api","media","failed"
9.6,10.28,145,0,69.9,18.82,"Delta","ui","baja","success"
11.55,5.11,146,0,67.24,13.72,"Beta","auth","baja","success"
16.54,25.17,144,0,63.2,21.86,"Gamma","api","media","success"
18.21,4.95,139,3,71.57,23.63,"Alpha","analytics","baja","success"
16.67,15.54,140,2,75.43,7.23,"Gamma","database","baja","success"
8.06,14.09,146,3,88.04,9.3,"Beta","analytics","media","success"
7.87,14.68,129,1,100,78.67,"Delta","api","crítica","success"
15.66,71.25,164,3,75.5,1.76,"Beta","auth","baja","success"
10.02,92.97,133,2,68.38,6.63,"Beta","api","baja","success"
9.1,5.75,152,1,71.29,17.11,"Alpha","ui","media","failed"
9.04,5.57,139,1,100,11.44,"Alpha","ui","baja","failed"
3.72,42.66,167,3,94.82,25.7,"Beta","auth","alta","success"
11.94,29.93,152,5,66.17,71.22,"Alpha","auth","baja","success"
22.88,2.95,145,2,82.11,31.91,"Gamma","analytics","baja","success"
36.53,33.07,131,5,82.03,6.09,"Gamma","analytics","baja","success"
14.38,5.57,148,1,77.89,41.56,"Alpha","ui","media","success"
14.62,34.87,144,4,88.77,18.75,"Delta","database","baja","success"
18.5,7.73,143,2,92.16,10.36,"Gamma","api","alta","success"
10.08,17.75,137,3,75.75,3.88,"Beta","analytics","baja","success"
24.09,14.73,149,3,66.32,24.01,"Beta","auth","media","success"
19.84,23.62,146,1,81.62,6.55,"Alpha","auth","baja","success"
5.34,9.58,138,0,NA,8.13,"Beta","database","baja","success"
17.73,88.28,145,2,63.02,26.89,"Alpha","database","alta","success"
20.1,7.13,155,4,81.16,5.35,"Alpha","analytics","baja","success"
18.15,18.97,146,4,86.75,12.25,"Gamma","api","baja","success"
24.94,22.51,143,2,81.33,39.48,"Delta","ui","baja","success"
19.78,16.3,155,2,69.3,11.89,"Alpha","api","baja","success"
2.75,27.9,168,1,79.29,0.33,"Beta","analytics","baja","success"
3.84,4.41,151,1,61.5,8.41,"Delta","analytics","baja","success"
8.76,9.8,161,3,61.67,NA,"Beta","analytics","baja","success"
6.95,46.29,132,3,74.17,14.44,"Gamma","api","media","success"
12.75,15.58,137,2,79.58,NA,"Beta","ui","media","success"
29.25,50.28,171,3,75.78,23.41,"Delta","ui","media","success"
18.14,14.65,130,1,81.92,NA,"Beta","database","alta","success"
16.92,30.59,156,2,69.62,6.87,"Delta","database","baja","success"
19.81,17.76,154,1,88.86,82.51,"Gamma","api","baja","success"
23.64,8.72,123,4,75.09,6.74,"Gamma","api","media","success"
17.09,18.31,164,2,64.93,2.05,"Gamma","analytics","baja","failed"
25.89,5.54,146,5,100,37.8,"Delta","ui","media","rolled_back"
5.06,33.99,138,1,100,9.5,"Delta","api","baja","success"
9.77,19.73,132,0,71.75,8.87,"Alpha","analytics","media","success"
13.47,13.07,151,2,68.83,3.32,"Alpha","analytics","alta","success"
7.58,12.86,136,3,77.17,9.6,"Gamma","api","media","success"
14.54,6.23,147,2,80.75,9.75,"Gamma","analytics","baja","failed"
11.45,25.11,140,1,73.25,27.75,"Alpha","api","crítica","success"
8.09,47.92,142,3,84.97,18.04,"Gamma","api","media","success"
14.5,16.35,137,3,53.73,18.38,"Delta","api","alta","success"
12.62,80.14,156,3,77.8,15.18,"Beta","api","baja","success"
30.57,24.1,155,2,83.78,23.72,"Alpha","database","media","failed"
5.96,20.21,157,2,67.46,4.09,"Alpha","analytics","baja","failed"
8.3,36.49,153,2,94.56,40.25,"Delta","ui","media","success"
7.78,23.94,167,3,53.9,3.15,"Alpha","api","media","success"
9.03,30.26,139,1,62.4,6.69,"Delta","auth","alta","success"
18.29,39.48,145,1,86.28,15.33,"Gamma","ui","alta","success"
18.88,10.91,156,2,83.9,38.3,"Alpha","api","media","success"
14.45,40.67,134,3,71.59,6.24,"Delta","analytics","media","success"
15.59,26.11,182,2,71.01,17.53,"Delta","analytics","media","success"
12.22,22.75,141,1,88.17,18.02,"Gamma","database","media","success"
8.84,25.18,144,1,75.02,4.1,"Delta","database","alta","success"
16.11,36.9,146,2,75.44,25.9,"Gamma","api","media","failed"
33.64,15.51,145,2,65.83,0.62,"Delta","auth","media","success"
10.58,11.08,158,0,71.84,13.1,"Delta","analytics","crítica","success"
4.73,40.95,162,1,80,20.39,"Alpha","api","baja","success"
14.9,27.49,145,3,86.97,71.09,"Alpha","database","media","success"
19.1,21.84,146,2,62.62,7.9,"Alpha","ui","media","success"
13.34,9.56,166,2,72.01,4.04,"Gamma","ui","baja","success"
15.93,32.83,136,1,81.96,7.23,"Delta","database","baja","success"
15,31.65,171,3,77.23,21.46,"Gamma","analytics","media","success"
20.34,39.25,150,1,90.43,4.08,"Beta","ui","media","success"
32.05,61.23,159,3,67.81,40.17,"Beta","ui","baja","success"
23.8,14.14,140,1,76.13,34.91,"Gamma","database","baja","success"
16.75,24.78,129,1,68.05,63.02,"Beta","api","media","success"
15.23,2.4,124,0,90.53,1.1,"Beta","database","baja","success"
5.65,28.98,154,1,60.78,10.02,"Gamma","database","baja","success"
13.83,75.86,144,2,84.33,5.77,"Beta","analytics","alta","success"
9.25,9.99,148,2,86.91,15.36,"Alpha","ui","media","success"
34.15,3.36,130,0,50.7,2.19,"Delta","api","baja","success"
8.85,10.35,158,2,76.98,33.8,"Alpha","auth","baja","success"
17.53,36.46,146,5,66.63,18.92,"Beta","database","baja","success"
27.35,20.44,133,3,60.97,34.18,"Alpha","analytics","media","success"
11.14,32.39,148,2,78.76,11.79,"Alpha","database","media","success"
20.51,13.56,152,2,73.74,42.18,"Alpha","api","media","success"
31.47,43.76,156,1,71.48,18.92,"Alpha","auth","baja","failed"
13.95,6.84,157,2,82.62,32.85,"Alpha","ui","baja","success"
6.64,33.12,165,4,75,7.2,"Delta","auth","media","success"
6.34,17.78,158,2,81.57,0.43,"Gamma","api","crítica","success"
7.37,19.26,132,2,50.92,13.16,"Gamma","auth","media","success"
31.69,26.8,121,1,91.62,29.58,"Beta","analytics","baja","success"
16.03,22.79,140,7,71.5,16.24,"Alpha","database","baja","success"
9.83,4.13,141,3,77.88,25.61,"Delta","database","media","success"
5.33,1.82,140,5,80.58,35.97,"Beta","ui","baja","success"
18.94,35.93,130,2,70.95,11.08,"Beta","auth","crítica","rolled_back"
17.24,30.08,137,1,64.75,21.45,"Delta","api","baja","failed"
12.7,8.42,141,1,85.82,34.21,"Beta","api","baja","success"
18.71,13.4,154,1,87.31,1.51,"Alpha","analytics","baja","success"
21.63,4.82,151,3,84.31,9.41,"Beta","analytics","baja","rolled_back"
31.04,8.35,132,0,77.14,23.61,"Delta","api","media","success"
3.34,14.04,153,2,60.45,6.66,"Gamma","auth","baja","success"
11.46,48.42,136,3,54.65,38.01,"Delta","auth","baja","success"
3.85,4.81,163,3,74.12,13.06,"Alpha","database","baja","success"
29.93,14.59,130,4,62.99,8.06,"Beta","api","baja","success"
47.94,7.98,145,1,83.41,0.61,"Gamma","analytics","media","success"
17.93,20.19,120,2,61.76,9.1,"Alpha","api","baja","success"
14.61,11.93,153,2,62.81,10.85,"Gamma","database","baja","success"
25.08,32.2,140,4,83.51,43.89,"Alpha","database","media","success"
8.74,11.48,147,2,NA,86.95,"Delta","analytics","baja","rolled_back"
12.01,30.03,160,5,60.22,29.17,"Delta","analytics","media","success"
13.59,48.53,155,0,86.59,2.07,"Gamma","analytics","baja","success"
21.85,35.03,128,4,65.59,7.7,"Alpha","api","baja","failed"
6.23,43.23,157,1,84.38,5.77,"Alpha","auth","media","success"
26.65,27.98,150,1,69.73,25.45,"Alpha","database","baja","success"
12.42,2.74,143,0,62.89,10.52,"Delta","database","crítica","rolled_back"
9.93,17.15,139,0,64.93,18.91,"Beta","database","media","success"
13.52,22.32,159,5,84.03,4.24,"Beta","analytics","baja","success"
11.58,6.29,164,0,53.82,100.37,"Delta","auth","crítica","success"
11.06,3,161,0,75.84,3.79,"Gamma","auth","baja","success"
17,5.6,161,0,68.18,0.35,"Alpha","ui","crítica","success"
8.93,17.74,140,2,80.26,14.62,"Beta","analytics","media","rolled_back"
14.73,42.68,150,4,71.9,18.39,"Delta","api","baja","success"
20.84,9.87,154,4,77.34,19.64,"Delta","analytics","crítica","success"
27.68,2.81,163,4,51.72,9.28,"Delta","api","alta","rolled_back"
23.08,3.45,145,1,77.24,51.72,"Gamma","ui","baja","success"
9.39,2.98,142,0,64.22,11.55,"Alpha","analytics","media","success"
13.84,40.45,154,1,95.18,15.1,"Gamma","auth","crítica","success"
21.39,62.58,145,1,55.1,9.49,"Delta","analytics","media","failed"
23.33,16.14,150,2,83.65,2.2,"Delta","auth","baja","success"
24.96,19.57,166,3,72.77,7.9,"Alpha","ui","baja","success"
10.15,20,124,3,84.89,40.36,"Gamma","api","baja","success"
10.77,15.88,145,2,76.99,24.46,"Delta","auth","crítica","success"
10.55,13.61,158,3,64.54,18.38,"Gamma","api","media","success"
9.85,8.97,142,0,79.01,4.11,"Alpha","ui","baja","rolled_back"
12.26,30.72,148,2,84.8,18.54,"Delta","auth","media","failed"
13.22,21.97,151,3,60.69,4.65,"Beta","database","media","rolled_back"
11.7,5.43,149,0,83.57,15.92,"Gamma","ui","media","success"
10.47,28.39,167,1,67.07,40.39,"Delta","api","alta","success"
29.09,26.53,159,1,57.23,16.79,"Beta","ui","baja","success"
19.53,6.15,149,5,65.93,60.7,"Alpha","database","baja","success"
20.2,20.83,149,2,57.06,7,"Delta","analytics","alta","rolled_back"
19.92,5.69,152,2,85.97,13.31,"Delta","auth","baja","success"
29.94,25.17,134,2,75.14,25.74,"Delta","api","baja","success"
20.07,20.55,153,1,73,13.98,"Beta","ui","crítica","success"
24.27,44.98,159,0,69.71,38.55,"Beta","ui","baja","success"
12.95,45.52,144,0,87.91,18.02,"Beta","api","baja","success"
13.23,25.1,168,5,76.56,14.37,"Delta","database","crítica","rolled_back"
7.41,10.32,183,3,57.92,8.55,"Gamma","analytics","crítica","success"
19.89,32.45,159,0,85.1,53.48,"Delta","ui","baja","rolled_back"
4.34,43.42,149,4,76.97,0.24,"Beta","api","media","success"
14.33,30.76,164,1,72.31,8.03,"Beta","api","alta","success"
8.86,35.78,168,1,73.97,8.74,"Beta","ui","baja","rolled_back"
18.56,6.98,138,0,77.78,10.52,"Delta","auth","crítica","rolled_back"
20.5,45.29,161,3,64.96,5.2,"Beta","analytics","crítica","success"
11.66,79.6,142,2,89.59,7.93,"Delta","database","media","success"
12.37,14.48,142,4,87.11,28.7,"Gamma","database","media","success"
18.96,32.7,168,0,58.24,96.18,"Alpha","auth","baja","success"
5.05,11.3,161,3,96.97,17.42,"Alpha","analytics","baja","success"
6.7,29.59,137,1,88.17,8.67,"Gamma","ui","baja","success"
40.51,8.77,139,1,80.61,67.16,"Alpha","auth","media","failed"
7.89,7.05,160,6,68.63,4.17,"Beta","ui","alta","success"
7.24,21.44,157,2,90.98,9.31,"Beta","analytics","media","failed"
10.56,25.83,145,2,80.24,11.4,"Delta","database","crítica","failed"
16.49,4.65,141,1,93.36,66.71,"Alpha","analytics","media","failed"
10.26,15.96,157,3,61.41,5.32,"Delta","ui","alta","success"
6.37,12.95,178,2,58.1,22.43,"Alpha","analytics","baja","success"
9.15,14.09,157,1,81.24,13.18,"Alpha","database","baja","success"
31.97,14.69,142,3,50.17,16.84,"Gamma","analytics","media","success"
11.91,23.48,151,4,65.94,16.61,"Alpha","auth","media","failed"
17.48,22.31,142,2,73.86,6.3,"Delta","api","media","success"
11.54,6.93,147,4,62.61,5.04,"Gamma","analytics","baja","success"
17.45,16.87,161,3,68.7,46.49,"Alpha","auth","media","success"
6.52,31.1,145,1,86.88,NA,"Delta","ui","baja","success"
35.82,57.99,161,4,78.24,9.94,"Beta","ui","media","success"
19.64,14.45,151,2,88.63,18.04,"Gamma","analytics","baja","success"
5.59,20.55,151,3,84.86,9.51,"Beta","database","baja","success"
6.71,22.24,143,2,82.57,22,"Gamma","ui","alta","success"
31,13.87,137,0,100,8.9,"Alpha","auth","baja","success"
6.81,5.59,139,4,77.23,2.4,"Beta","auth","alta","success"
20.62,17.45,146,2,100,9.03,"Gamma","api","baja","success"
7.29,8.71,145,2,66.95,62.02,"Beta","database","media","success"
18.64,26.07,156,1,61.82,18.74,"Beta","auth","media","success"
24.65,35.14,130,3,89.06,8.3,"Beta","ui","media","success"
5.2,13.03,162,5,72.72,5.35,"Gamma","ui","baja","success"
20.75,16.55,162,1,72.38,36.96,"Beta","auth","media","success"
16.4,20.77,180,0,81.64,20.32,"Alpha","analytics","media","success"
11.36,4.53,152,3,73.79,2.98,"Beta","auth","alta","success"
12.96,25.68,143,2,65.4,1.53,"Beta","analytics","crítica","success"
29.38,68.95,152,4,56.4,1.68,"Beta","api","alta","success"
6.94,20.01,144,2,89.04,6.36,"Alpha","analytics","baja","failed"
15.14,9.25,140,3,75.16,10.92,"Beta","api","alta","success"
22.85,14.67,167,0,72.65,21.2,"Alpha","database","alta","success"
9.57,6.96,149,3,68.63,3.39,"Delta","auth","media","success"
4.76,26.27,150,2,81.9,5.86,"Delta","database","alta","success"
14.06,52.17,153,0,63.04,6.91,"Alpha","auth","baja","success"
10.54,24.71,163,1,79.05,6.03,"Gamma","api","media","success"
35.74,29.66,139,3,75.8,50.79,"Beta","ui","baja","success"
13.65,22.96,148,6,81.32,5.47,"Beta","ui","baja","success"
13.61,33.58,149,2,81.52,22.12,"Beta","database","crítica","success"
3.9,11.35,157,0,87.77,3.7,"Beta","database","alta","success"
8.2,42.21,149,2,77.33,6.15,"Alpha","database","crítica","success"
21.72,26.27,149,0,71.76,31.78,"Gamma","auth","media","success"
20.76,16.08,151,3,76.93,43.61,"Gamma","analytics","media","failed"
6.18,14.36,167,0,73.95,0.53,"Delta","analytics","media","success"
5.54,4.78,150,2,73.95,105,"Delta","analytics","baja","success"
8,12.76,138,3,81.02,0.43,"Alpha","api","baja","success"
10.74,14.07,157,2,71.5,2.57,"Delta","api","baja","rolled_back"
10.03,7.62,158,4,76.38,14.59,"Gamma","auth","baja","success"
12.43,10.64,158,4,99.01,3.81,"Gamma","auth","alta","success"
13.41,8.63,163,2,81.14,12.71,"Gamma","database","alta","failed"
32.67,8.01,152,3,65.43,20.06,"Alpha","database","media","success"
4.61,46.31,147,1,63.92,6.98,"Delta","api","crítica","success"
18.95,37.97,169,3,57.65,4.68,"Delta","auth","baja","success"
19.43,38.09,124,2,72.15,70.97,"Beta","ui","media","success"
14.48,33.3,154,3,70.19,9.62,"Beta","ui","media","success"
7.72,17.51,151,5,70.1,6.21,"Alpha","ui","baja","failed"
30.3,12.57,140,4,81.76,1.64,"Delta","ui","crítica","success"
10.58,2.62,170,4,87.03,4.77,"Alpha","ui","media","success"
22.52,33.65,162,2,75.63,NA,"Beta","api","media","success"
18.21,21.83,134,3,77.76,4.78,"Beta","api","crítica","success"
23.41,18.45,161,5,74.31,65.28,"Delta","analytics","alta","success"
25.94,37.8,164,0,84.09,46.67,"Gamma","api","media","success"
15.39,10.28,165,3,84.86,39.51,"Alpha","api","baja","success"
29.67,11.12,144,5,75.28,19.48,"Beta","ui","media","success"
11.64,30.4,132,6,73.37,1.97,"Alpha","ui","media","success"
15.61,11.56,158,2,47.97,0.79,"Alpha","ui","media","success"
31.39,6.79,156,3,68.65,49.74,"Gamma","api","baja","success"
8.86,10.29,148,2,44.97,1.47,"Alpha","analytics","baja","failed"
11.99,12.78,147,2,85.46,7.1,"Beta","ui","alta","success"
6.43,17.94,154,1,70.25,6.24,"Beta","analytics","baja","success"
18.84,19.26,128,1,70.89,13.27,"Beta","auth","baja","success"
14.81,3.24,154,0,49.78,28.81,"Beta","database","media","failed"
11.32,11.14,135,3,70.25,32.65,"Gamma","api","media","failed"
26.81,9.98,149,3,73.01,8.2,"Beta","auth","baja","success"
18.2,11.09,144,2,69.37,14.54,"Alpha","api","media","success"
29.84,12.5,137,2,70.96,23.51,"Alpha","auth","crítica","success"
6.64,8.43,145,1,78.91,20.92,"Beta","api","crítica","success"
2.3,4.71,153,0,77.4,32.86,"Alpha","auth","baja","success"
46.11,8.07,156,2,84.64,0,"Alpha","api","baja","success"
12.5,19.15,150,4,71.97,61.96,"Delta","api","baja","success"
24.63,19.88,132,2,79,118.1,"Alpha","api","alta","failed"
18.76,24.85,159,3,59.89,1.66,"Beta","ui","baja","success"
21.29,8.83,155,2,59.41,2.41,"Delta","database","media","failed"
32.12,55.83,141,1,55.32,9.26,"Alpha","api","media","success"
15.27,31.81,136,3,68.66,36.4,"Beta","database","media","success"
27.6,5.51,164,0,85.83,112.89,"Gamma","ui","baja","rolled_back"
8.03,7.94,154,0,100,15.03,"Delta","ui","baja","success"
8.77,29.51,125,2,89,21,"Alpha","database","media","success"
15.04,16.13,138,0,100,25.82,"Beta","auth","alta","success"
16.5,22.12,160,0,77.73,20.81,"Delta","ui","alta","success"
11.15,21.32,156,5,66.46,23.45,"Beta","api","media","success"
33.42,15.71,161,2,91.6,6.82,"Delta","analytics","media","success"
32.74,16.61,132,6,80.76,16.15,"Delta","api","baja","success"
18.97,35.59,143,0,80.35,2.64,"Delta","api","alta","success"
3.06,15.57,144,1,83.08,2.87,"Gamma","database","alta","success"
15.01,12.55,163,2,75.58,9.75,"Alpha","database","baja","success"
21.1,16,150,1,68.92,1.74,"Delta","api","media","success"
6.58,0.91,169,0,82.52,6.45,"Beta","api","media","rolled_back"
9.99,14.44,157,3,80.2,17.68,"Gamma","auth","baja","success"
25.5,14.75,128,3,89.04,45.02,"Beta","ui","baja","failed"
13.31,17.9,163,1,69.86,3.29,"Delta","api","alta","success"
12.58,9.97,142,3,81.66,0.96,"Gamma","analytics","alta","failed"
4.36,9.9,158,1,84.76,0.76,"Beta","database","baja","failed"
10.47,19.03,148,6,74.77,7.83,"Gamma","analytics","alta","rolled_back"
13.18,6.11,141,6,60.08,20.84,"Beta","database","media","failed"
14.36,25.41,158,2,59.85,2.95,"Beta","database","media","success"
11.08,30.73,136,2,72.93,17.49,"Beta","database","media","success"
22.69,18.11,137,2,63.71,15.86,"Gamma","api","alta","success"
26.73,4.69,138,1,62.1,15.54,"Alpha","database","media","failed"
35.74,4.82,155,1,61.79,1.32,"Gamma","database","baja","success"
5.2,13.86,141,3,61.37,16.28,"Delta","api","media","failed"
17.15,5.57,154,1,68.61,0.58,"Gamma","api","media","failed"
5.01,48.51,162,0,51.03,53.37,"Delta","ui","crítica","failed"
6.57,13.82,150,3,56.66,10.05,"Alpha","auth","crítica","success"
16.71,9.1,145,2,66.27,10.64,"Gamma","analytics","baja","success"
15.3,12.49,132,3,61.62,13.04,"Alpha","api","baja","success"
13.13,22.4,141,1,65.04,14.34,"Gamma","analytics","crítica","success"
16.92,19.7,150,1,59.85,21.78,"Delta","database","media","success"
23.3,12.5,159,1,97.11,49.41,"Delta","api","alta","failed"
13.42,22.16,154,1,95.67,3.08,"Delta","analytics","baja","success"
16.22,28.07,161,1,52.05,0.63,"Beta","database","crítica","success"
14.34,31.91,141,4,70.67,12.93,"Delta","ui","media","success"
24.89,16.26,144,2,63.8,25.33,"Alpha","api","baja","success"
26.11,6.93,167,3,62.09,0.15,"Gamma","auth","media","rolled_back"
7.59,44.28,167,2,54.83,33.79,"Alpha","ui","media","success"
12.37,4.13,158,2,78.15,3,"Alpha","database","media","success"
10.93,23.48,162,3,74.61,11.4,"Alpha","database","crítica","success"
16.82,10.34,160,0,77.55,22.13,"Gamma","api","media","failed"
26.74,24.19,128,2,55.01,19.38,"Beta","auth","baja","failed"
9.14,18.5,170,4,69.99,5.47,"Delta","auth","media","success"
16.98,25.94,122,1,78.08,3.11,"Delta","ui","baja","success"
8.38,5.71,130,1,54.51,31.54,"Alpha","analytics","alta","success"
7.54,16.02,134,0,64.37,42.55,"Beta","api","media","success"
13.27,11.79,149,3,78.64,7.76,"Alpha","auth","media","success"
15.79,67.45,142,2,68.45,55.51,"Beta","api","baja","rolled_back"
20.84,30.44,146,1,70.18,38.48,"Beta","auth","baja","success"
19.13,17.67,127,1,75.78,5.72,"Delta","analytics","media","failed"
28.17,10.01,146,1,50.89,21.03,"Alpha","ui","baja","success"
14.79,31.07,166,2,87.48,3.15,"Delta","ui","baja","success"
3.81,11.61,153,4,70.4,9.55,"Gamma","analytics","alta","success"
13.81,20.79,166,2,79.65,17.77,"Alpha","database","baja","success"
23.26,14.63,150,1,79.92,58.52,"Gamma","api","baja","success"
15.42,61.67,176,3,77.82,1.85,"Beta","database","baja","success"
10.5,47.95,157,3,69.33,35.93,"Gamma","analytics","media","success"
11.25,35.13,152,1,61,23.34,"Alpha","api","media","success"
5.88,16.27,159,1,74,26.37,"Alpha","ui","baja","success"
9.58,13.5,140,2,79.98,12.59,"Gamma","database","baja","success"
10.42,11.53,148,3,65.51,11.69,"Alpha","database","baja","success"
11.6,43.65,144,1,78.01,35.17,"Beta","ui","media","success"
10.16,15.85,151,3,77.42,45.53,"Gamma","auth","baja","success"
27.88,38.32,134,1,77.32,NA,"Gamma","database","crítica","failed"
11.36,47.27,133,2,70.87,2.6,"Gamma","auth","baja","failed"
19.11,13.17,145,2,73.14,2.96,"Beta","auth","media","success"
34.59,3.44,148,0,82.62,9.4,"Beta","auth","baja","success"
3.5,7.9,158,1,80.01,39.13,"Gamma","auth","crítica","failed"
7.23,5.83,145,4,67.61,14.24,"Beta","auth","crítica","success"
19.69,8.87,148,4,59.42,3.32,"Delta","auth","media","success"
17.82,14.55,172,1,79.16,7.32,"Gamma","auth","baja","success"
15.5,36.48,162,1,97.58,26.68,"Gamma","database","media","success"
7.66,13.67,144,3,69.27,21.71,"Beta","ui","baja","success"
12.95,7.24,151,4,62.35,29.03,"Delta","auth","media","success"
8.12,7.58,148,1,66.67,4.62,"Beta","analytics","baja","success"
11.78,12.59,135,0,63.49,28.06,"Delta","auth","alta","success"
15.66,13.34,161,1,65.04,3.59,"Beta","api","media","success"
5.79,6.32,157,0,70.52,17.04,"Alpha","auth","alta","success"
28.15,18.64,138,3,94.68,21.74,"Beta","auth","media","success"
18.34,24.7,147,2,61.59,2.97,"Gamma","ui","baja","success"
49.66,13.86,142,2,67.18,13.97,"Beta","database","baja","failed"
10.38,4.23,150,4,66.62,46.4,"Beta","database","media","success"
10.38,8.46,151,1,73.34,5.51,"Alpha","auth","media","success"
9.35,10.56,165,1,97.1,10.85,"Alpha","api","media","success"
10.53,27.83,154,0,90.34,0.78,"Delta","ui","media","rolled_back"
14.22,12.52,135,1,80.73,11.7,"Alpha","database","media","success"
9.11,15.61,150,1,90.32,76.8,"Alpha","analytics","crítica","success"
16.07,2.49,146,1,84.66,15.2,"Gamma","database","baja","success"
9.16,0.87,166,3,79.27,39.24,"Delta","database","alta","success"
20.26,9.97,158,0,91.07,25.75,"Alpha","database","media","rolled_back"
37.86,3.46,153,1,66.34,3.72,"Alpha","database","crítica","success"
10.43,10.37,149,1,76.86,3.26,"Alpha","api","crítica","success"
14.15,5.44,123,1,73.84,23.56,"Delta","database","media","rolled_back"
29.05,44.92,129,1,88.11,27.43,"Delta","api","media","success"
34.42,17.5,165,1,50.13,4.43,"Delta","ui","baja","failed"
17.51,8.21,149,1,83,57.08,"Gamma","database","baja","success"
30.35,21.64,149,3,95.46,49.63,"Alpha","ui","baja","success"
8.68,28.31,138,3,100,9.97,"Alpha","analytics","crítica","success"
10.86,7.43,148,2,64.66,58.03,"Delta","api","alta","success"
4.71,17.92,154,3,83.08,21.28,"Gamma","analytics","baja","success"
17.68,33.45,143,4,61.7,26.51,"Delta","database","alta","success"
27.71,34.01,149,2,83.94,18.31,"Delta","ui","media","success"
11.82,13.34,163,2,72.18,14.5,"Delta","analytics","crítica","success"
28.29,32.12,146,2,54.65,43.66,"Alpha","auth","crítica","success"
19.16,33.96,158,3,96.08,0.57,"Gamma","api","crítica","success"
20.11,9.8,175,3,72.86,5.18,"Beta","ui","alta","failed"
16.51,5.32,153,0,92.6,9.47,"Delta","auth","media","success"
15.62,10.29,153,2,49.33,12.71,"Beta","database","baja","failed"
14.76,17.32,151,1,75.82,15.5,"Delta","database","baja","success"
9.9,12.8,166,1,57.86,33.19,"Gamma","ui","baja","success"
7.45,50.14,149,2,75.11,12.98,"Delta","database","media","failed"
18.73,33.94,145,1,85.79,1.99,"Alpha","api","alta","success"
7.77,15.12,132,3,80.43,16.29,"Alpha","database","alta","success"
35.11,43.38,165,2,54.26,17.46,"Beta","api","baja","failed"
48.38,46.86,150,3,89.05,9.58,"Delta","ui","baja","success"
11.77,45.71,157,1,98.71,6.37,"Delta","auth","baja","rolled_back"
6.56,47.09,133,3,78.98,NA,"Gamma","analytics","baja","success"
9.18,28.05,154,3,83.99,5.53,"Alpha","api","media","success"
17.99,31.09,165,1,65.3,11.99,"Gamma","ui","alta","success"
16.08,9.92,145,0,100,16.93,"Alpha","ui","media","success"
23.49,11.76,147,2,86.04,1.26,"Beta","auth","alta","success"
2.64,5.95,162,1,81.62,13.47,"Beta","api","media","success"
9.16,28.05,129,5,83.47,56.74,"Gamma","analytics","baja","failed"
22.89,37.47,132,2,72.38,0.04,"Beta","ui","alta","failed"
22.49,42.18,143,1,67.82,42.8,"Delta","auth","media","success"
9.48,22.09,161,1,64.9,17.22,"Gamma","api","alta","success"
3.98,6.1,159,0,76.58,43.78,"Alpha","database","alta","success"
29.76,23.04,162,1,86.13,18.39,"Gamma","api","media","success"
19.73,9.17,152,1,94.33,13.24,"Beta","analytics","baja","success"
6.67,51.91,144,2,76.6,8.5,"Alpha","ui","baja","success"
12.36,8.69,142,2,85.12,0.69,"Delta","auth","media","failed"
17.3,13.5,175,0,70.01,8.52,"Gamma","ui","crítica","success"
20.73,14.77,162,2,100,19.23,"Beta","ui","baja","success"
6.01,20.84,132,1,66.47,18.14,"Gamma","api","crítica","failed"
23.5,10.23,137,4,66.28,NA,"Alpha","analytics","alta","failed"
6.36,16.03,160,3,63.48,8.96,"Alpha","auth","media","failed"
5.41,19.34,152,0,72.99,5.8,"Alpha","api","baja","success"
9.44,14.59,151,2,80.03,6.71,"Gamma","auth","alta","success"
14.93,17.8,159,0,71.43,21.66,"Alpha","auth","baja","success"
12.69,7.87,140,1,55.36,26.8,"Gamma","database","media","failed"
30.62,23.02,165,1,64.13,13.06,"Beta","ui","baja","success"
42.79,25.29,134,3,89.76,8.07,"Beta","database","baja","success"
37.62,10.06,146,5,62.46,1.4,"Beta","ui","media","success"
2.56,7.03,143,2,83.67,8.24,"Alpha","database","media","failed"
3.26,4.48,139,3,75.02,1.62,"Gamma","database","baja","success"
13,16.13,159,1,53.46,37.36,"Beta","api","media","success"
12.41,27.8,163,1,73.74,1.55,"Delta","api","baja","failed"
2.35,13.45,152,5,59.08,3.32,"Alpha","analytics","media","success"
15.1,32.02,133,2,75.59,8.4,"Beta","auth","alta","success"
21.81,11.55,150,1,77.06,34.1,"Beta","ui","baja","success"
14.9,6.2,156,4,76.17,15.35,"Beta","ui","alta","success"
18.24,19.45,150,0,67.22,6.89,"Delta","api","crítica","success"
11.7,8.54,146,2,64.66,16.86,"Delta","analytics","media","failed"
6.25,42.42,142,2,71.44,13.82,"Gamma","analytics","baja","success"
14.23,24.31,171,1,82.66,30.46,"Gamma","ui","baja","success"
14.04,14.38,149,1,86.84,2.51,"Delta","api","baja","success"
17.06,22.69,151,0,67.23,1.17,"Alpha","api","alta","success"
13.74,34.42,125,2,60.11,47.53,"Alpha","ui","media","failed"
7.15,36.93,151,1,64.13,7.29,"Gamma","database","media","success"
5.59,8.74,164,0,71.64,12.94,"Alpha","auth","alta","rolled_back"
33.36,20.1,150,0,84.6,24.01,"Alpha","analytics","crítica","success"
4.46,44.63,159,2,84.42,17.82,"Gamma","ui","baja","success"
28.98,27.72,162,2,70.42,14.83,"Alpha","analytics","media","success"
24.45,31.28,149,0,57.19,0.01,"Gamma","api","baja","failed"
9.65,7.39,138,1,93.43,20.93,"Gamma","ui","alta","success"
7.72,16.22,141,5,84.44,24.49,"Alpha","database","media","success"
9.41,4.69,144,1,99.17,8.61,"Delta","analytics","baja","success"
11.86,11.99,140,4,87.97,9.28,"Gamma","analytics","baja","rolled_back"
18.63,15.71,152,2,65.86,0.11,"Beta","api","baja","success"
10.08,8.46,135,2,89.68,25.1,"Alpha","auth","baja","failed"
14.37,11.39,150,4,78.87,6.91,"Alpha","analytics","baja","success"
4.06,7.64,156,0,52.38,2.87,"Delta","database","crítica","success"
16.19,4.46,137,3,80.53,7.08,"Delta","database","baja","success"
19.51,23.95,139,2,85.56,16.71,"Alpha","database","media","failed"
8.13,10.98,159,1,64.39,23.86,"Gamma","auth","crítica","success"
13.08,47.98,128,1,75.41,NA,"Gamma","database","alta","rolled_back"
14.77,14.67,172,2,95.13,36.41,"Delta","ui","baja","success"
36.15,39.11,173,5,75.47,36.76,"Beta","analytics","alta","success"
9.66,12.54,137,2,58.81,11.72,"Beta","database","alta","failed"
14.14,22.98,155,1,64.2,42.09,"Beta","auth","alta","success"
3.66,32.35,155,3,73.86,17.11,"Gamma","api","media","success"
6.67,22.3,161,3,81.71,33.8,"Gamma","ui","media","rolled_back"
15.24,11.59,157,2,79.46,17.96,"Delta","auth","baja","success"
6.31,8.19,140,0,70.1,21.33,"Delta","ui","baja","success"
8.76,10.31,152,2,68.26,69.83,"Alpha","analytics","media","failed"
16.43,19.79,154,1,100,15.99,"Delta","database","media","success"
10.75,34.08,160,2,88.03,3.34,"Beta","api","media","success"
4.45,9.8,163,4,76.16,3.95,"Beta","database","baja","success"
4.31,8.47,140,3,58.2,14.88,"Gamma","analytics","alta","success"
4.81,6.71,140,1,42.4,18.83,"Delta","database","baja","success"
12.56,12.7,167,3,87.8,3.09,"Gamma","auth","baja","success"
5.08,2.57,156,1,82.38,2.68,"Beta","api","baja","success"
23.4,57.09,145,4,76.53,9.46,"Delta","auth","media","success"
20.43,1.59,157,4,79.05,3.79,"Alpha","ui","crítica","success"
9.36,4.48,131,1,67.17,0.78,"Gamma","analytics","baja","success"
43.35,26.04,140,1,64.82,2.77,"Alpha","analytics","alta","success"
18.17,47.83,156,3,76.5,11.44,"Alpha","analytics","alta","failed"
10.21,21.97,150,2,70.27,21.64,"Gamma","api","alta","success"
29.84,12.38,150,3,66.98,40.51,"Delta","auth","baja","success"
23.15,6.95,158,4,77.57,0.2,"Gamma","api","crítica","success"
5.96,53.35,160,1,71.88,2.07,"Beta","ui","media","success"
5.02,27.93,169,2,79.52,92.99,"Alpha","ui","media","success"
11.36,7.92,142,1,76.95,5.73,"Beta","database","baja","success"
6.79,12.75,152,3,56.12,0.86,"Delta","ui","alta","success"
24.86,39.02,167,1,71.05,53.98,"Alpha","ui","baja","success"
3.23,31.26,143,4,76.13,48.25,"Delta","api","crítica","success"
23.47,7.73,135,3,52.7,14.01,"Gamma","analytics","media","success"
46.49,30.16,166,0,93.57,11.46,"Gamma","analytics","baja","failed"
13.21,31.19,169,0,71.65,8.4,"Beta","api","alta","success"
16.39,13.15,164,1,75,22.02,"Beta","database","baja","success"
23.23,17.24,158,1,78.07,63.67,"Beta","api","baja","failed"
23.93,13.2,150,1,56.16,33.06,"Alpha","auth","crítica","success"
18.51,23.03,153,3,71.32,16.43,"Gamma","ui","baja","failed"
17.44,9.48,161,4,71.88,17.07,"Delta","ui","media","success"
5.1,29.57,135,2,44.7,2.6,"Alpha","api","media","success"
5.4,8.94,167,3,77.2,13.17,"Beta","api","media","success"
17.07,14.31,142,4,75.51,1.85,"Alpha","analytics","baja","success"
21.55,49.96,160,1,86.12,10.62,"Gamma","database","media","success"
6.1,21.26,135,2,55.7,10.28,"Delta","api","alta","success"
5.78,24.54,160,5,59.53,4.07,"Alpha","api","alta","failed"
27.54,33.5,136,1,84.05,4.57,"Delta","ui","media","success"
17.17,47.07,154,1,63.31,76.87,"Alpha","api","baja","success"
17.39,16,152,1,100,113.78,"Beta","api","baja","success"
14.13,9.43,160,2,83.29,10.9,"Alpha","ui","baja","failed"
7.36,40.47,164,2,80.32,1.98,"Gamma","analytics","media","success"
24.71,40.55,155,4,76.87,69.23,"Delta","analytics","media","success"
28.56,32.99,154,3,65.85,4.94,"Delta","database","media","rolled_back"
13.96,49.05,150,2,84.48,8.83,"Beta","api","media","success"
3.28,14.41,163,3,67.13,53.56,"Alpha","api","crítica","success"
13.5,26.59,148,1,76.84,38.84,"Alpha","analytics","media","success"
18.59,1.5,139,0,87.77,40.38,"Alpha","database","alta","failed"
4.16,6.26,169,1,66.82,29.41,"Gamma","api","media","success"
9.24,28.55,138,2,61.82,4.06,"Gamma","analytics","alta","success"
17.39,0.8,153,0,87.48,10.3,"Alpha","analytics","alta","success"
10.5,6.74,168,3,69.98,25.45,"Alpha","database","alta","success"
17.58,22.92,132,2,83.25,3.62,"Alpha","ui","media","success"
19.18,6.65,158,1,81.56,12.27,"Alpha","auth","baja","success"
19.95,6.42,152,3,NA,2.71,"Gamma","auth","baja","success"
19.52,50.14,145,1,60.74,43.98,"Gamma","ui","baja","rolled_back"
8.71,29.01,147,4,59.92,19.25,"Alpha","auth","baja","success"
28.9,22.13,144,3,65.21,38.6,"Gamma","auth","baja","failed"
10.56,15.45,146,1,96.5,3.57,"Beta","api","baja","success"
10.65,23.23,153,1,92.84,7.25,"Beta","ui","baja","success"
4.08,17.66,164,0,69.21,3.64,"Alpha","auth","media","success"
12.22,17.56,160,4,72.14,6.58,"Alpha","api","media","success"
11.89,9.63,140,0,84.9,27.45,"Beta","api","baja","success"
25.3,20.45,154,9,77.69,2.79,"Alpha","ui","media","success"
5.78,37.71,129,0,52.75,14.63,"Beta","ui","media","success"
18.2,5.83,161,2,63.41,28.65,"Delta","ui","baja","failed"
15.63,31.07,142,2,83.42,2.33,"Delta","auth","media","success"
7.46,7.22,136,2,74.05,24.56,"Beta","auth","alta","success"
19.71,40.18,143,5,63.44,13.15,"Beta","auth","alta","success"
11.91,6.19,169,5,70.52,3.47,"Delta","ui","baja","success"
8.66,19.84,142,3,53.84,13.71,"Beta","analytics","baja","success"
10.26,8.61,144,0,61.94,82.4,"Delta","api","media","success"
22.28,29.8,162,1,80.09,82.89,"Alpha","database","alta","failed"
14.27,0.87,165,1,83.55,7.4,"Alpha","api","alta","success"
5.56,35.62,155,1,47.81,0.58,"Beta","analytics","alta","success"
35.39,11.68,155,1,81.3,10.72,"Beta","api","baja","success"
6.46,6.93,147,1,64.5,7.31,"Beta","api","baja","success"
13.73,35.1,141,0,69.79,40.87,"Delta","auth","crítica","success"
31.84,23.57,169,3,74.73,2,"Alpha","ui","baja","success"
6.79,73.38,139,1,75.5,29.21,"Beta","database","baja","success"
8.82,3.83,134,3,68.75,46.37,"Alpha","analytics","alta","success"
16.12,28.14,145,2,72.51,5.26,"Alpha","analytics","baja","success"
10.25,25.42,140,0,78.48,14.5,"Gamma","auth","alta","failed"
18.27,5.11,143,3,85.97,62.69,"Gamma","analytics","crítica","success"
15.71,10.71,146,5,89.67,8.19,"Gamma","ui","crítica","success"
6.87,5.13,147,3,98.02,98.26,"Gamma","ui","baja","success"
11.54,17.54,149,3,53.73,18.27,"Gamma","database","media","success"
26.43,17.82,169,4,69.9,9.81,"Gamma","auth","media","failed"
16.5,35.71,142,1,76.33,0.53,"Beta","auth","alta","success"
17.69,36.89,143,0,79.86,1.59,"Beta","api","crítica","success"
9.47,8.5,165,0,52.4,3.57,"Beta","auth","crítica","rolled_back"
34.28,21.8,164,1,64.51,27.44,"Beta","analytics","media","success"
34.89,17.62,149,1,55.38,7.9,"Delta","analytics","media","success"
10.88,23.11,162,2,52.72,5.07,"Delta","api","media","failed"
11.84,26.09,155,1,81.44,9.56,"Gamma","ui","baja","rolled_back"
2.49,9.69,151,3,95.21,0.92,"Alpha","auth","media","success"
20.96,19.4,144,1,80.58,12.07,"Beta","analytics","crítica","success"
13.38,41.9,138,1,73.19,86.23,"Delta","api","baja","success"
13.16,34.63,147,1,75.35,13.47,"Beta","analytics","media","success"
5.25,42.54,172,0,57.91,3.05,"Beta","api","baja","success"
19.64,7.8,150,2,71.57,16.92,"Delta","auth","crítica","success"
34.36,16.49,140,4,97.57,22.54,"Delta","auth","baja","success"
19.5,40.31,145,4,63.78,98.27,"Delta","auth","media","success"
11.84,12.83,147,3,57.87,13.5,"Alpha","api","baja","success"
23.69,43.87,151,4,57.21,16.86,"Beta","auth","media","success"
4.04,23.98,139,4,70.75,18.52,"Beta","database","media","success"
17.1,47.62,167,3,72.93,5.04,"Gamma","api","alta","success"
6.32,22.03,146,3,88.33,20.58,"Delta","api","baja","success"
12.54,5.04,149,2,70.36,9.37,"Alpha","ui","crítica","success"
20.92,10.84,143,0,67.9,2.55,"Delta","api","baja","success"
18.95,9.46,167,1,98.58,0.08,"Alpha","api","baja","success"
30.32,4.41,145,4,87.69,0.92,"Delta","database","media","success"
30.29,6.98,165,1,NA,0.4,"Beta","database","baja","failed"
6.05,15.19,153,1,85.19,15.12,"Gamma","ui","media","success"
26.49,11.82,142,0,71.55,29.09,"Delta","database","baja","success"
18.63,6.95,151,1,94.24,1.71,"Delta","analytics","alta","success"
7.96,43.37,137,3,77.51,4.05,"Alpha","database","alta","success"
17.46,28.76,146,0,87.21,29.01,"Gamma","database","baja","success"
9.87,19.93,152,1,65.03,43.17,"Beta","ui","crítica","success"
10.45,9.38,151,2,71.2,4.31,"Alpha","analytics","crítica","success"
17.59,44.65,158,0,84.01,9.11,"Delta","api","crítica","success"
26.31,24.22,160,3,59.68,47.4,"Delta","ui","media","rolled_back"
16.68,38.18,144,2,90.34,14.61,"Alpha","database","baja","success"
14.27,19.06,152,1,80.17,18.73,"Delta","ui","alta","success"
41.3,17.2,151,3,70.84,56.97,"Gamma","analytics","alta","success"
21.51,19.72,153,1,72.46,3.04,"Delta","analytics","alta","failed"
19.31,29.4,189,3,72.87,1.12,"Gamma","database","alta","failed"
21.26,4.21,163,0,84.05,0.85,"Gamma","analytics","alta","rolled_back"
11.47,6.32,144,3,55.5,51.61,"Alpha","analytics","baja","failed"
4.58,9.09,148,3,84.41,45.49,"Gamma","ui","baja","success"
13.31,8.86,144,1,90.65,0.94,"Gamma","analytics","media","failed"
6.77,14.66,159,3,100,11.37,"Delta","analytics","alta","success"
4.88,20.63,136,2,79.69,27.08,"Beta","analytics","baja","success"
23.61,46.42,171,1,96.47,0.03,"Beta","ui","alta","success"
13.23,3.07,156,1,83.06,21.88,"Gamma","api","alta","success"
11.97,10.74,144,1,68.52,17.65,"Gamma","api","media","success"
15.27,9.66,165,1,71.91,18.14,"Delta","api","crítica","success"
4.47,13.36,151,2,65.04,8.54,"Delta","api","alta","failed"
12.78,27.67,144,2,72.8,11.29,"Alpha","ui","baja","rolled_back"
28.65,15.03,156,1,80.86,17.42,"Gamma","ui","baja","success"
12.32,4.22,163,3,79.24,67.54,"Beta","api","baja","success"
13,21.83,141,3,76.08,1.72,"Alpha","database","baja","success"
18.95,14.51,138,4,68.36,20.25,"Delta","auth","baja","success"
9.97,7.04,172,2,68.41,12.09,"Delta","auth","alta","success"
35.29,13.57,142,0,72.27,0.43,"Delta","analytics","crítica","success"
16.01,20.93,138,2,71.96,6.63,"Beta","auth","baja","success"
17.83,21.66,164,3,75.11,53.82,"Beta","database","baja","success"
8.94,1.79,173,2,61.38,6.5,"Gamma","analytics","media","failed"
29.27,10.54,142,4,84.21,2.38,"Alpha","auth","media","success"
5.56,4.98,132,0,86.33,17.71,"Alpha","ui","baja","success"
21.18,20.72,170,5,72.34,21.15,"Delta","analytics","baja","success"
8.99,10.24,162,2,74.79,10.83,"Gamma","api","media","success"
28.55,17.02,174,1,98.6,39.27,"Beta","database","alta","success"
12.89,37.63,130,2,65.94,36.57,"Beta","ui","baja","success"
8.11,9.1,146,3,57.2,15.92,"Alpha","analytics","baja","success"
11.22,7.36,138,2,87.7,9.14,"Delta","ui","media","failed"
34.83,25.24,156,3,74.94,48.08,"Beta","auth","crítica","success"
19.84,27.35,157,1,89.62,55.39,"Delta","ui","baja","success"
4.67,19.87,153,4,78,26.75,"Beta","api","alta","rolled_back"
10.37,16.82,145,4,63.81,17.21,"Delta","auth","baja","success"
18.73,10.29,142,4,94.2,75.74,"Alpha","database","crítica","success"
25.12,37.68,124,1,69.5,17.85,"Beta","ui","media","success"
12.24,33.62,159,2,62.9,6.81,"Gamma","auth","baja","success"
17.63,61.09,157,3,83.06,0.04,"Beta","auth","alta","failed"
10.43,26.24,160,5,52.43,13.2,"Beta","database","baja","failed"
18.68,16.46,158,3,69.15,14.32,"Delta","auth","baja","success"
11.89,20.59,142,3,73.61,6.82,"Gamma","auth","baja","success"
27.47,33.42,135,1,60.42,3.24,"Beta","database","baja","success"
24.24,3.47,134,3,71.77,9.66,"Alpha","api","media","success"
17.14,8.04,133,3,63.68,9.55,"Beta","analytics","baja","success"
10.73,15.64,152,2,88.94,2.28,"Gamma","auth","alta","success"
16.7,13.86,150,0,68.31,16.91,"Alpha","api","baja","success"
5.91,51.07,156,1,63.3,18.55,"Beta","auth","baja","success"
7.49,22.15,140,3,60.51,12.24,"Beta","auth","alta","success"
7.56,18.18,174,3,72.1,15.77,"Gamma","api","media","success"
15.41,8.91,159,1,76.01,30.39,"Beta","auth","baja","success"
20.55,34.18,151,2,81.43,33.91,"Gamma","api","baja","success"
6.18,9.86,135,0,85.35,54.48,"Gamma","database","media","failed"
4.29,18.54,140,0,82.43,31.9,"Gamma","auth","media","success"
6.43,14.03,143,4,69.15,4.06,"Delta","api","baja","success"
20.77,5.68,141,1,83.73,29.98,"Delta","ui","alta","failed"
29.37,19.33,166,2,77.18,15.91,"Alpha","auth","baja","success"
54.82,12.17,143,3,58.15,11.11,"Alpha","database","baja","success"
26.2,1.17,174,2,56.15,32.56,"Beta","database","baja","success"
17.29,21.68,137,3,78.6,3.68,"Alpha","ui","alta","success"
21.46,5.77,163,2,62.9,8.31,"Alpha","api","baja","success"
8.3,6.1,119,0,64.21,10.81,"Delta","ui","media","success"
13.29,6.48,144,0,91.59,20.27,"Alpha","auth","crítica","success"
14.05,8.91,155,3,56.16,10.36,"Delta","api","crítica","success"
21.19,11.37,155,4,65.4,6.68,"Beta","ui","media","success"
33.28,9.36,170,3,75.13,45.08,"Alpha","analytics","media","success"
12.99,14.15,150,1,60.98,4.51,"Gamma","auth","alta","success"
7.14,6.17,154,9,83.96,38.21,"Gamma","analytics","baja","success"
22.46,20.48,151,4,83.81,0.75,"Beta","auth","media","success"
15.16,3.16,142,6,62.57,54.21,"Beta","analytics","alta","failed"
13.54,20.44,139,4,74.11,32.47,"Gamma","analytics","baja","success"
13.37,3.23,155,1,84.3,20.78,"Delta","analytics","media","success"
14.7,13.95,148,4,78.81,4.43,"Alpha","database","baja","failed"
13.45,11.77,158,4,76.87,16.45,"Beta","auth","media","success"
6.27,46.07,139,1,68.2,6.27,"Alpha","auth","media","success"
15.68,25.54,146,2,77.91,16,"Delta","auth","alta","success"
32.83,20.09,169,4,86.65,25.16,"Delta","ui","baja","failed"
19.86,7.97,134,2,77.51,5.44,"Gamma","auth","baja","failed"
15.21,30.9,177,1,65.55,39,"Delta","analytics","alta","success"
25.98,81.84,161,3,54.22,1.96,"Alpha","analytics","baja","success"
41.05,22.46,162,2,92.13,20.28,"Delta","database","baja","success"
16.93,12.22,156,4,98.61,1.75,"Gamma","database","baja","success"
9.32,13.76,143,3,70.49,4.84,"Delta","api","alta","success"
17.66,6.1,154,5,76.97,33.68,"Beta","api","alta","failed"
13.25,18.67,124,1,70.93,35.96,"Gamma","analytics","media","success"
26.85,19.65,151,2,97,13.47,"Gamma","database","alta","success"
18.27,4.4,143,4,59.49,8.07,"Delta","database","media","success"
5.27,14.99,129,1,67.39,21.19,"Delta","auth","media","success"
19.99,11.92,154,1,65.31,10.3,"Gamma","database","crítica","success"
17.24,17.74,139,0,86.06,21.27,"Beta","api","media","success"
21.92,13.09,163,3,85.02,2.44,"Alpha","database","media","failed"
8.18,15.58,153,2,84.06,13.57,"Gamma","api","media","success"
9.97,14.2,161,1,76.78,1.58,"Beta","api","alta","success"
16.46,12.5,136,3,82.58,34.43,"Delta","api","media","success"
5.14,32.61,141,0,76.55,38.23,"Beta","auth","alta","rolled_back"
19.01,5.96,151,2,76.83,3.81,"Gamma","auth","media","success"
16.28,22.26,161,4,80.25,14.62,"Gamma","analytics","media","success"
24.22,11.71,148,0,75.39,14.68,"Delta","api","baja","rolled_back"
11.56,8.09,143,0,80.71,7.08,"Delta","auth","baja","success"
22.04,10.39,132,1,67.94,20.68,"Gamma","api","baja","success"
41.48,15.53,153,4,58.25,1.07,"Gamma","auth","crítica","success"
9.98,18.71,165,0,56.14,2.02,"Alpha","auth","baja","success"
12.41,9.3,150,0,74.43,19.39,"Gamma","ui","alta","success"
22.33,10.57,137,2,80.9,17.9,"Gamma","api","media","success"
11.1,35.53,162,4,82.87,3.85,"Beta","api","baja","success"
9.94,4.63,147,1,69.44,52.83,"Delta","database","media","success"
33.84,34.52,178,6,66.77,6.89,"Gamma","ui","baja","success"
2.2,19.07,139,3,75.63,17.76,"Gamma","analytics","media","success"
9.92,17.83,161,2,55.76,19.94,"Beta","ui","alta","success"
11.82,15.88,143,1,59.62,8.71,"Beta","auth","baja","success"
33.03,2.54,156,0,71.25,14.98,"Alpha","api","baja","success"
6.24,21.93,144,1,73.69,88.58,"Alpha","auth","baja","failed"
7.8,18.23,168,2,72.47,9.17,"Alpha","database","baja","success"
12.38,3.27,166,1,66.85,21.49,"Beta","ui","baja","success"
18.48,12.98,157,4,71.34,17.82,"Delta","auth","media","success"
12.51,23.26,155,2,67.44,149.9,"Beta","ui","baja","success"
6.45,15.45,150,1,84.9,16.07,"Alpha","api","alta","success"
18.91,5.53,129,1,78.25,22.24,"Gamma","api","media","failed"
24.97,4.13,139,1,82.35,15.59,"Delta","api","media","success"
19.65,23.53,149,1,60.12,37.1,"Beta","api","media","rolled_back"
8.35,14.57,135,3,84.24,2.67,"Beta","ui","baja","failed"
24.72,17.36,150,0,88.07,2.17,"Gamma","auth","media","failed"
7.84,14.91,142,0,80.74,15.93,"Alpha","ui","baja","success"
23.43,27.84,163,4,100,43,"Alpha","api","baja","success"
2.32,27.87,147,1,71.65,1.79,"Alpha","database","media","success"
4.91,18.84,163,2,86.11,0.81,"Gamma","ui","baja","failed"
24.26,22.41,141,2,71.32,12.27,"Gamma","api","baja","failed"
24.26,24.41,130,1,77.88,9.27,"Gamma","analytics","baja","success"
6.22,3.24,165,2,86.74,25.03,"Alpha","database","baja","success"
30.14,15.64,164,2,60.36,17.09,"Beta","ui","alta","success"
32.51,8.84,149,3,72.8,12.12,"Delta","auth","crítica","success"
13.81,30.53,140,2,75.18,14.1,"Beta","analytics","crítica","success"
9.72,10.5,152,3,63.55,6.07,"Gamma","auth","baja","success"
14.63,28.35,150,1,80.87,47.57,"Gamma","auth","crítica","success"
10.03,2.15,145,2,64.5,22.42,"Delta","database","crítica","success"
31.8,32.95,142,5,66.78,13.51,"Gamma","database","baja","success"
13.96,22.13,141,0,55.64,14.42,"Gamma","auth","baja","success"
13.77,21.43,153,4,74.38,12.79,"Gamma","database","media","success"
32.96,18.23,168,5,82.16,1.35,"Beta","database","baja","success"
11.29,20.14,136,3,76.06,13.82,"Alpha","database","alta","failed"
5.25,9.6,164,2,51.76,43.1,"Beta","auth","media","success"
13.3,24.48,148,4,66.98,6.97,"Gamma","ui","media","success"
10.94,7.91,132,2,70.08,4.88,"Delta","analytics","baja","rolled_back"
5.98,25.2,121,1,74,19.46,"Delta","analytics","baja","success"
22.17,24.37,133,4,75.09,28.07,"Alpha","api","baja","success"
5.08,29.91,153,1,75.5,12.54,"Alpha","ui","baja","success"
16.38,32.39,160,2,78.16,24.84,"Beta","analytics","alta","success"
14.54,18.44,154,2,95.96,16.51,"Alpha","auth","media","success"
19.87,14.55,141,3,61.34,0.7,"Gamma","auth","media","success"
9.61,38.18,149,3,69.05,66.66,"Delta","analytics","media","success"
15.87,13.59,152,2,60.31,20.07,"Beta","analytics","baja","success"
7.16,45.48,138,1,68.08,17.14,"Beta","auth","media","success"
11.08,8.12,162,0,70.28,34.94,"Delta","api","baja","success"
13.33,51.36,170,5,88.2,11.13,"Delta","auth","crítica","success"
14.98,1.4,141,0,74.92,6.68,"Beta","database","baja","success"
8.6,24.22,141,3,62.82,3.26,"Alpha","auth","media","success"
8.32,9.94,142,2,86.33,69.38,"Delta","api","media","success"
7.02,24.17,149,3,65.58,1.99,"Alpha","api","baja","success"
12.22,2.69,157,3,63.35,13.8,"Alpha","database","media","success"
16.13,28.8,157,3,76.28,10.06,"Beta","database","crítica","success"
4.1,20.8,129,2,69.73,16.63,"Gamma","api","baja","success"
13.78,10.03,130,4,77.14,4.46,"Beta","api","baja","success"
10.56,24.56,156,1,71.05,53.92,"Beta","auth","alta","success"
22.17,14.22,144,0,50.9,15.1,"Alpha","analytics","alta","success"
4.51,14.63,156,1,72.23,0.3,"Gamma","api","alta","success"
21.64,11.76,139,1,97.45,9.87,"Gamma","analytics","alta","success"
18.1,8.12,133,5,90.86,33.2,"Alpha","auth","crítica","success"
21.23,17.21,172,2,68.04,10.1,"Alpha","database","media","failed"
14.21,25.96,118,2,72.97,2.76,"Alpha","api","media","success"
14.49,30.2,158,4,78.26,7.1,"Beta","ui","baja","success"
16.19,24.5,167,1,70.85,1.94,"Alpha","ui","baja","success"
4.99,25.26,146,4,60.44,NA,"Alpha","ui","alta","success"
9.94,26.14,146,1,67.08,25.85,"Alpha","ui","media","success"
32,94.42,146,2,87.3,17.91,"Beta","analytics","alta","failed"
7.39,10.59,156,1,73.65,21.17,"Alpha","auth","alta","success"
24.08,21.95,158,1,54.95,3.78,"Gamma","database","media","success"
15.9,50.32,160,3,69.05,1.83,"Beta","auth","alta","success"
13.76,5.06,151,2,80.17,37.58,"Beta","auth","media","success"
20.21,26.55,156,1,59.07,70.3,"Gamma","database","baja","success"
3.1,38.07,165,2,78.75,27.17,"Alpha","database","media","success"
26.53,66.84,137,1,60.13,28.54,"Delta","auth","media","failed"
23.45,12.02,154,1,79.89,12.71,"Gamma","database","media","success"
6.5,54.5,147,2,73.27,32.19,"Gamma","analytics","crítica","success"
21.26,26.62,111,0,92.36,134.15,"Beta","analytics","crítica","success"
7.65,45.75,149,1,88.52,2.25,"Delta","auth","baja","success"
15.18,3.05,145,2,65.13,6.01,"Beta","analytics","media","success"
8.85,7.46,146,1,89.1,80.42,"Delta","ui","crítica","success"
21.83,15.35,166,0,79.46,141.11,"Beta","ui","crítica","success"
5.84,7.61,139,0,73.9,33.57,"Beta","database","crítica","success"
6.14,8.01,153,3,80.35,6.73,"Gamma","database","baja","failed"
27.49,24.53,154,3,62.89,16.65,"Delta","api","alta","success"
20.86,33.83,155,0,65.64,0.57,"Gamma","auth","baja","success"
9.42,3.79,163,2,57.07,2.92,"Delta","api","media","success"
7.79,15.18,143,1,69.15,13.52,"Beta","analytics","media","success"
2.61,50.52,147,3,78.2,10.19,"Beta","database","alta","success"
14.56,39.77,130,0,74.11,35.87,"Delta","database","alta","success"
1.56,26.56,143,4,71.63,23.02,"Alpha","api","alta","success"
7.25,12.2,168,2,68.93,2.39,"Delta","auth","alta","success"
20.82,16.51,161,5,82.74,70.64,"Delta","api","alta","success"
11.64,6.21,152,3,68.15,39.88,"Delta","analytics","media","success"
17.74,14.2,146,1,58.44,25.28,"Alpha","database","baja","failed"
4.94,8.54,155,4,63.12,16.4,"Alpha","ui","media","failed"
23.56,52.04,144,3,62.28,53.81,"Delta","analytics","baja","success"
4.22,20.46,159,2,82.05,6.71,"Beta","api","media","success"
8.97,35.69,123,0,77.11,58.39,"Delta","api","baja","success"
9.81,48.76,150,4,75.97,31.2,"Beta","auth","media","success"
16.42,4.17,124,1,94.69,6.06,"Gamma","ui","baja","rolled_back"
17.41,17.27,169,3,71.52,1.98,"Alpha","api","media","success"
11.97,73.21,147,5,84.23,1.19,"Alpha","auth","media","success"
8.64,3.96,157,2,99.04,7.51,"Alpha","api","baja","success"
14.76,42.8,152,2,77.26,3.33,"Alpha","ui","media","success"
9.02,16.88,173,2,72.7,28.25,"Delta","ui","baja","success"
18.89,10.65,136,1,68,15.36,"Gamma","api","crítica","success"
15.6,27,146,0,70.42,33.12,"Delta","ui","baja","rolled_back"
5.11,17.24,167,4,73.56,5.61,"Beta","analytics","baja","failed"
15.5,43.05,133,2,74.03,0.84,"Gamma","ui","media","success"
17.27,4.32,162,1,72.36,2.29,"Delta","auth","media","failed"
12.8,11.48,148,7,60.69,8.42,"Alpha","analytics","crítica","success"
32.8,10.38,154,1,70.05,0.22,"Delta","ui","alta","success"
5.14,19.33,146,2,94.93,15.74,"Gamma","database","baja","success"
15.49,10.62,149,1,56.06,6.27,"Gamma","ui","media","failed"
16.71,12.37,159,1,69.31,14.02,"Gamma","api","media","failed"
16.28,24.46,143,1,69.86,37.51,"Beta","auth","alta","success"
3.8,25.97,153,3,59.92,NA,"Beta","ui","media","success"
2.84,25.57,144,6,77.64,71.38,"Alpha","analytics","baja","success"
17.63,22.81,151,2,58.29,3.67,"Delta","auth","media","success"
15.71,42.07,159,1,77.47,35.98,"Beta","database","media","success"
22.28,12.35,141,2,88.9,40.4,"Gamma","api","baja","success"
12.65,19.29,132,3,59.4,16.46,"Gamma","api","baja","success"
11.74,15.51,149,2,70.75,43.48,"Gamma","ui","media","success"
13.95,20.94,124,3,82.27,7.22,"Delta","analytics","media","rolled_back"
12.42,19.94,154,1,81.53,4.96,"Beta","api","media","success"
5.35,25.81,164,3,63.21,6.85,"Gamma","analytics","media","success"
2.54,14.76,149,2,65.9,3.68,"Gamma","api","baja","rolled_back"
8.04,11.93,139,1,72.28,1.04,"Beta","ui","crítica","failed"
17.52,34.63,141,1,72.31,52.34,"Delta","ui","baja","rolled_back"
47.74,35.3,154,0,82.73,15.67,"Delta","api","baja","success"
8.34,22.77,144,1,76.24,1.14,"Alpha","api","media","success"
5.09,15.66,159,2,86.14,22.55,"Alpha","auth","baja","success"
16.28,71.11,151,3,77.62,17.96,"Alpha","api","baja","failed"
17.31,30.3,138,2,87.75,3.03,"Delta","analytics","media","success"
7.83,17.37,149,2,56.03,8.73,"Alpha","auth","alta","success"
18.39,11.9,165,0,72.85,35.44,"Beta","database","alta","success"
8.6,43.1,162,2,90.96,30.42,"Gamma","ui","baja","failed"
13.81,37.27,144,0,83.16,19.25,"Gamma","api","alta","success"
18.95,37.28,163,2,79.27,46.76,"Delta","analytics","media","success"
20.65,11.14,176,2,79.45,27.97,"Delta","database","crítica","success"
27.27,6.47,138,4,92.19,23.78,"Gamma","database","alta","success"
17.03,18.03,149,2,74.59,7.41,"Beta","ui","baja","success"
10.31,62,139,1,46.54,10.8,"Beta","auth","baja","success"
1.6,18.18,143,4,75.33,16.7,"Beta","ui","alta","success"
12.56,7.75,149,0,71.7,65.79,"Gamma","ui","media","success"
13.67,10.26,145,2,72.92,1.98,"Beta","analytics","media","failed"
34.22,22.1,141,3,70.76,33.97,"Beta","analytics","media","success"
5.88,17.11,149,3,62.74,0.43,"Delta","auth","alta","failed"
13.11,17.08,155,1,100,74.33,"Gamma","database","media","failed"
12.83,3.88,147,2,70.02,5.08,"Beta","auth","alta","success"
3.59,24.35,148,1,87.05,5.11,"Beta","analytics","alta","success"
2.51,2.93,134,2,71.63,2.66,"Beta","database","alta","success"
17.06,5.46,148,3,73.28,70.2,"Delta","auth","crítica","success"
13.5,21.08,151,2,60.15,11.19,"Gamma","database","media","success"
5.44,23.85,155,5,83.18,9.52,"Beta","api","alta","success"
6.94,1.99,154,2,77.62,5.57,"Delta","ui","media","failed"
4.44,13.39,137,4,89.79,17.75,"Delta","api","alta","success"
23.7,10.09,145,0,65.59,10.85,"Alpha","database","baja","success"
5.5,11.43,146,2,69.43,0.81,"Alpha","api","media","success"
37.24,23,171,2,79.96,1.79,"Gamma","auth","baja","success"
16.68,15.63,129,4,83.65,35.49,"Gamma","auth","alta","success"
12.37,3.13,157,2,76.92,4.14,"Gamma","analytics","baja","success"
5.42,4.99,153,6,77.14,10.21,"Gamma","auth","crítica","rolled_back"
8.86,29.54,130,0,100,1.41,"Delta","api","media","rolled_back"
12.58,9.74,151,3,84.44,9.55,"Alpha","ui","baja","success"
3.24,14.89,125,2,75.84,80.72,"Beta","ui","baja","success"
5.72,17.78,148,4,77.05,87.3,"Beta","ui","baja","success"
17.07,11.21,125,5,71.62,10.21,"Alpha","analytics","media","failed"
27.94,25.9,155,1,56.44,0.71,"Alpha","database","media","failed"
34.92,53.48,147,0,83.44,5.65,"Alpha","auth","alta","success"
15.42,13.03,132,1,61.34,2.86,"Delta","ui","alta","failed"
4.57,28.53,146,4,83.26,27.62,"Delta","api","alta","failed"
14.13,40.15,144,3,83.14,2.65,"Delta","database","crítica","success"
16.95,14.06,142,0,66.06,49.74,"Alpha","api","alta","success"
24.84,31.55,150,3,64.16,4.66,"Delta","auth","media","failed"
18.09,19.41,150,4,100,10.04,"Gamma","ui","baja","success"
12.2,21.78,150,2,82.64,18.68,"Alpha","analytics","media","success"
27.4,12.22,159,1,66.17,10.27,"Gamma","analytics","media","success"
19.35,14.62,171,3,96.08,5.66,"Delta","auth","media","success"
3.56,57.87,149,3,70.38,4.57,"Alpha","analytics","media","failed"
36.62,6.67,147,0,78.89,14.99,"Alpha","auth","baja","success"
9.42,25.96,136,4,78.29,10.28,"Beta","analytics","baja","rolled_back"
19.56,4.14,151,1,68.74,35.13,"Delta","database","baja","success"
19.09,12.22,143,2,75.39,45.22,"Gamma","auth","crítica","failed"
10.21,14.5,150,1,72.04,36.6,"Alpha","ui","crítica","success"
12,25.64,147,1,57.1,26.86,"Gamma","analytics","alta","success"
28.51,26.61,143,3,79.02,2.28,"Delta","ui","media","success"
12.3,8.1,156,4,71.65,10.69,"Beta","database","alta","success"
5.61,23.08,145,2,68.08,1.67,"Delta","auth","alta","success"
15.78,5.76,149,1,55.7,20.91,"Beta","analytics","media","success"
18.91,39.1,168,2,78.77,51.81,"Beta","auth","baja","failed"
13.3,3.53,160,3,75.56,14.07,"Beta","analytics","crítica","success"
17.45,40.61,149,2,98.67,8.6,"Beta","ui","media","success"
17.1,20.81,170,2,93.39,47.55,"Delta","auth","media","success"
7.74,22.33,161,3,68.45,11.87,"Beta","auth","baja","failed"
21.01,39.98,150,2,63.15,46.13,"Alpha","api","baja","success"
11.78,20.8,168,2,68.2,13.64,"Gamma","analytics","baja","success"
26.89,23.72,148,3,64.98,10.66,"Delta","analytics","baja","success"
11.92,4.53,151,1,70.58,39.75,"Gamma","analytics","media","success"
13.89,35.77,157,1,96.33,39.91,"Delta","database","alta","success"
27.38,42.65,161,3,59.87,12.34,"Beta","api","baja","failed"
1.33,51.01,164,2,85.07,9.62,"Gamma","api","baja","success"
21.52,4.05,169,3,76.04,3.62,"Beta","database","baja","success"
13.1,28.73,141,0,69.8,26.46,"Gamma","database","baja","success"
8.08,37.97,127,0,81.19,43.16,"Gamma","ui","crítica","success"
10.93,16.13,142,3,67.39,72.97,"Delta","ui","baja","success"
29.68,82.95,160,1,61.49,5.18,"Gamma","database","baja","success"
12.2,16.97,182,3,94.34,5.1,"Gamma","analytics","alta","success"
12.65,29.5,147,0,58.85,11.21,"Gamma","api","media","success"
15.07,16.62,134,4,71.16,49.21,"Gamma","analytics","media","success"
35.13,28.04,150,5,88.6,18.6,"Delta","ui","media","success"
20.27,22.62,164,3,83.23,1.02,"Gamma","ui","alta","success"
33.24,38.84,162,4,78.21,11.26,"Delta","ui","crítica","success"
25.32,16.84,146,2,67.59,23.26,"Delta","auth","alta","success"
6.36,16.1,152,3,74.26,2.98,"Gamma","ui","baja","success"
20.04,5.03,138,0,88.23,4,"Delta","database","crítica","success"
10.9,36,126,2,82.54,4.48,"Gamma","auth","baja","success"
12.16,16.16,166,3,83.94,2.72,"Delta","auth","media","success"
12.79,22.27,158,2,80.72,47.08,"Delta","auth","crítica","success"
11.39,8.05,129,2,NA,28.09,"Gamma","ui","baja","success"
9.85,16.1,150,1,90.91,11.35,"Beta","api","baja","success"
22.1,11.32,147,3,64.62,64.26,"Alpha","auth","crítica","success"
20.65,5.76,141,1,68.39,1.86,"Beta","api","baja","success"
4.36,13.44,157,2,83.57,2.01,"Delta","auth","baja","success"
7.83,7.64,139,3,71.59,2.73,"Alpha","ui","baja","success"
24.61,15.81,155,4,75.06,5.79,"Alpha","api","baja","failed"
7.41,23.73,146,1,74.38,53.12,"Gamma","database","media","success"
12.92,13.08,132,2,53.52,16.56,"Gamma","analytics","baja","failed"
5.99,13.84,178,3,84.02,38.79,"Delta","api","baja","rolled_back"
10.5,11.25,155,1,86.5,2.67,"Gamma","analytics","baja","rolled_back"
7.5,23.27,155,4,73.39,6.05,"Gamma","database","baja","success"
34.91,3.05,153,1,74.28,1.59,"Beta","analytics","alta","success"
25.15,19.52,141,4,82.22,38.4,"Beta","ui","baja","rolled_back"
20.34,16.72,162,1,72.48,7.86,"Delta","database","baja","success"
8.94,23.87,148,3,97.04,11.13,"Gamma","database","baja","success"
20.97,13.07,151,0,66.62,13.63,"Alpha","analytics","alta","success"
11.67,22.21,141,0,64.25,25.27,"Delta","ui","alta","success"
5.41,10.37,169,0,65.68,2.98,"Beta","analytics","baja","success"
16.49,20.54,147,2,87.26,55.7,"Gamma","database","baja","success"
17.03,23.98,163,3,86.3,11.94,"Delta","database","baja","success"
14.42,41.51,153,4,84.97,3.65,"Gamma","api","alta","success"
17.65,30.59,134,2,69.76,2.83,"Alpha","api","baja","success"
12.25,2.94,159,2,74.52,40.83,"Gamma","auth","crítica","failed"
5.52,17.45,148,3,86.21,7.91,"Alpha","api","alta","success"
9.43,6.93,145,3,82.04,25.31,"Alpha","auth","alta","success"
6.35,21.9,145,6,83.55,17.71,"Gamma","ui","baja","success"
12.66,14.05,134,2,99.77,51.87,"Beta","ui","baja","success"
12.2,7.84,158,3,86.99,25.38,"Gamma","api","media","success"
4.73,12.75,136,0,66.03,42.07,"Beta","ui","alta","success"
12.13,11.94,152,1,82.37,0.7,"Alpha","ui","alta","success"
20.18,21.73,167,3,78.6,34.72,"Beta","ui","media","failed"
10.14,3.09,129,3,78.31,5.44,"Beta","ui","alta","success"
25.64,1.34,163,0,59.63,84.72,"Beta","analytics","baja","success"
3.85,19.54,161,2,79.32,1.62,"Delta","ui","baja","success"
5.52,31.16,153,4,83.05,9,"Delta","ui","media","success"
4.89,14.58,111,0,73.5,82.03,"Gamma","ui","media","success"
10.18,13.87,159,2,75.5,7.67,"Alpha","api","media","failed"
5.24,11.94,127,0,82.31,4.26,"Beta","database","media","success"
12.74,17.68,145,2,73.56,7.18,"Delta","database","media","success"
5.35,50.38,180,3,84.54,10.13,"Beta","api","baja","success"
15.54,18.03,161,3,78.56,2.09,"Alpha","analytics","baja","failed"
20.84,11.6,150,0,87.35,75.69,"Beta","auth","crítica","failed"
13.67,25.87,161,5,59.37,27.57,"Beta","database","alta","success"
7.39,30.42,167,1,42.99,3.21,"Beta","analytics","alta","rolled_back"
6.43,18.42,156,0,51.87,37.97,"Alpha","api","media","success"
28.23,6.92,142,1,69.14,6.57,"Beta","ui","baja","failed"
12.63,24.2,140,3,54.54,6.32,"Alpha","ui","alta","success"
7.18,74.37,140,1,72.15,13.12,"Gamma","ui","media","success"
12.23,3.62,151,6,61.25,5.71,"Gamma","analytics","baja","failed"
15.97,21.88,167,4,67.33,7.63,"Gamma","analytics","crítica","failed"
11.95,22.31,143,2,74.58,41.64,"Beta","auth","baja","success"
6.04,9.23,154,2,65.96,17.48,"Delta","ui","media","success"
6.15,23.15,162,1,79.09,24.7,"Alpha","auth","crítica","failed"
4.89,9.25,153,3,78.88,10.55,"Alpha","api","media","success"
11.21,50.74,140,4,73.61,31.88,"Gamma","api","media","success"
33.07,13.81,161,2,64.27,16.29,"Beta","database","alta","success"
20.17,19.12,130,1,67.84,15.97,"Gamma","auth","crítica","success"
17.01,49.96,141,3,95.6,12.12,"Alpha","ui","alta","success"
3.88,13.31,140,0,73.17,38.05,"Alpha","auth","media","success"
8.51,2.05,170,6,69.45,18.87,"Beta","ui","alta","success"
22.32,16.46,142,1,82.37,11.79,"Beta","auth","media","success"
2.93,14.3,146,3,88.54,6.25,"Alpha","api","alta","failed"
16.33,19.65,154,2,66.3,10.98,"Alpha","analytics","baja","success"
21.84,19.47,154,0,72.27,27.63,"Beta","api","crítica","success"
27.87,11.28,159,0,64.62,1.09,"Delta","database","baja","success"
8.68,14.14,149,1,53.23,6.34,"Gamma","analytics","alta","success"
15.32,6.85,132,3,86.65,23.61,"Delta","api","alta","success"
34.54,9.74,162,2,90.58,1.41,"Beta","database","alta","success"
14.96,0.74,146,0,75.34,87.02,"Gamma","api","crítica","success"
13.41,45.54,155,1,80.97,23.9,"Alpha","auth","baja","success"
5.76,28.37,160,1,60.87,46.25,"Delta","ui","media","success"
14.93,21.9,149,4,93.71,3.45,"Beta","auth","baja","success"
9.51,10.93,155,1,73.36,27.39,"Beta","analytics","media","failed"
5.83,29.74,149,1,66.52,34.87,"Beta","analytics","media","success"
32.32,30.44,158,2,81.66,20.31,"Delta","auth","baja","success"
6.24,5.47,154,2,64.46,123.42,"Beta","ui","baja","success"
6.04,12.83,155,3,79.42,105.45,"Delta","auth","alta","success"
28.88,18.77,153,2,65.63,3.47,"Delta","api","crítica","success"
7.19,28.04,143,1,67.71,12.97,"Delta","api","baja","success"
37.01,34.53,141,2,80.74,13.87,"Beta","ui","baja","success"
25.25,35.19,155,1,87.83,5.62,"Gamma","analytics","baja","failed"
12.37,12.07,134,2,89.58,NA,"Alpha","ui","baja","success"
7.69,17.89,148,3,80.84,3.76,"Alpha","analytics","crítica","success"
15.27,31.73,154,3,86.19,54.09,"Alpha","database","baja","success"
22.02,18.35,164,2,62.47,49.01,"Beta","api","media","success"
17.96,7.71,147,1,84.55,22.08,"Delta","ui","baja","failed"
2.16,56.1,159,4,75.03,47.32,"Gamma","api","baja","success"
13.22,9.31,150,3,76.14,3.73,"Beta","database","alta","success"
12.18,29.51,169,0,73.73,14.21,"Delta","database","baja","success"
41.06,13.22,183,2,46.27,12.73,"Beta","api","crítica","success"
6.49,29.14,158,4,76.51,0.71,"Alpha","auth","alta","success"
7.48,65.8,156,1,100,2.76,"Beta","ui","alta","success"
9.87,15.67,162,2,83.57,12.17,"Beta","database","baja","success"
8.54,14.96,135,4,84.94,19.84,"Delta","analytics","crítica","failed"
11.74,14.59,126,1,54.88,3.36,"Beta","api","media","success"
10.04,32.94,132,4,71.07,8.05,"Alpha","auth","baja","success"
5.51,2.52,141,1,70.5,1.34,"Alpha","analytics","alta","success"
20.1,48.82,152,0,66.32,3.44,"Gamma","ui","baja","success"
14.61,29.4,147,3,75.93,1.99,"Gamma","database","baja","success"
13.5,8.91,148,3,68.56,30.48,"Delta","analytics","media","failed"
9.28,21.47,142,4,65.53,15.12,"Alpha","ui","baja","success"
13.42,31.77,133,3,74.68,11.82,"Gamma","ui","media","success"
9.84,79.24,157,4,70.46,6.29,"Delta","api","crítica","failed"
10.83,21.35,164,2,61.33,10.17,"Alpha","ui","media","success"
26.86,9.89,162,1,63.09,36.93,"Beta","database","alta","success"
9.62,44.46,148,5,100,18.22,"Gamma","analytics","alta","success"
17.85,18.48,151,3,92.51,0.29,"Delta","api","alta","success"
24.7,27.37,152,2,60.92,7.26,"Beta","analytics","media","failed"
8.89,32.52,160,0,82.39,74.5,"Gamma","api","alta","success"
31.59,14.42,154,0,72.42,21.27,"Alpha","database","media","success"
5.01,30.41,138,2,88.22,4.62,"Delta","api","media","failed"
5.61,35.96,163,0,59.55,41.13,"Delta","ui","media","rolled_back"
12.9,32.16,151,0,63.07,6.87,"Delta","ui","alta","success"
14.6,17.57,145,1,88.37,4.13,"Delta","api","media","success"
21.63,27.8,158,0,70.16,11.07,"Gamma","auth","crítica","failed"
20.18,37.53,140,0,90.98,6.24,"Alpha","analytics","alta","success"
5.59,24.35,152,3,61.12,2.06,"Gamma","auth","crítica","rolled_back"
4.32,4.2,124,2,74.93,34.35,"Alpha","api","alta","success"
16.81,37.84,147,2,71.32,33.06,"Beta","database","crítica","success"
24.71,6.53,159,0,59.67,12.28,"Alpha","auth","media","success"
23.54,11.64,135,0,95.18,26.95,"Gamma","api","baja","failed"
24.89,18.64,139,6,81.45,55.26,"Alpha","auth","baja","success"
38.54,24.42,162,2,66.8,4.94,"Beta","api","alta","failed"
7.89,45.13,151,3,52,34.31,"Beta","database","baja","success"
10.59,2.49,168,3,72.2,7.58,"Beta","api","baja","success"
14.01,7.38,160,2,82.87,23.25,"Beta","api","baja","success"
24.61,12.15,140,3,NA,31.42,"Beta","database","media","failed"
14.41,22.85,155,2,69.44,20.76,"Alpha","ui","media","success"
4.08,24.47,144,2,78.82,27.53,"Delta","ui","baja","success"
18.63,10.77,147,5,91.39,27.6,"Alpha","ui","alta","success"
39.53,6.74,147,2,87.48,15.66,"Alpha","database","baja","success"
8.53,22.77,155,2,72.18,32.58,"Gamma","ui","baja","success"
25.73,25.81,139,3,96.18,6.08,"Alpha","auth","baja","success"
23.59,3.7,148,1,71.41,6.85,"Delta","analytics","alta","success"
6.92,21.42,145,3,99.39,31.95,"Gamma","api","baja","success"
13.88,8.84,139,3,60.58,1.49,"Alpha","ui","baja","success"
14.44,5.75,135,5,80.5,8.73,"Gamma","auth","alta","failed"
30.16,15.23,145,4,66.14,8.21,"Delta","auth","baja","success"
24.9,3.27,156,0,65.47,10.8,"Delta","auth","media","success"
7.69,41.38,148,3,57.55,1.64,"Gamma","ui","baja","success"
31.54,48.24,171,0,81.19,7.03,"Alpha","auth","media","success"
25.29,4.78,152,0,87.81,12.81,"Beta","analytics","alta","failed"
6.92,28.19,150,1,65.25,2.76,"Delta","ui","crítica","success"
26.31,2.19,161,1,83.89,28.79,"Alpha","ui","alta","success"
8.24,4.03,144,3,85.2,0.23,"Gamma","auth","media","success"
10.15,45.05,139,3,65.62,37.72,"Alpha","auth","media","success"
15.99,21.28,162,6,76.49,0.88,"Delta","ui","baja","success"
9.98,15.4,166,0,78.32,11.87,"Alpha","api","baja","success"
24.79,18.76,146,0,74.01,11.49,"Beta","api","media","success"
20.85,10.75,157,0,85.29,16.89,"Delta","database","media","success"
7.43,18.83,149,2,95.56,1.01,"Alpha","auth","baja","success"
9.39,20.72,149,2,83.62,8.4,"Delta","auth","media","rolled_back"
6.32,12.82,135,0,68.24,30.45,"Delta","auth","crítica","success"
21.51,33.23,156,1,57.37,23.93,"Delta","auth","baja","success"
16.08,3.43,137,3,98.14,80.65,"Beta","analytics","media","failed"
3.72,51.51,156,3,69.24,3.85,"Alpha","auth","alta","success"
28.45,38.54,138,3,67.03,15.1,"Beta","ui","alta","success"
12.36,9.49,144,3,73.76,10.38,"Delta","api","crítica","success"
19.25,10.32,153,3,74.44,5.93,"Alpha","auth","alta","success"
9.8,34.67,157,1,54.64,9.84,"Beta","database","media","success"
39.81,21.93,147,2,80.8,165.81,"Delta","auth","media","success"
15.32,6.84,139,4,85.21,8,"Beta","api","alta","success"
27.05,38.86,149,0,70.73,8.12,"Gamma","auth","media","success"
10.47,35.58,129,2,78.55,18.45,"Alpha","auth","baja","success"
12.94,16.64,143,6,85.58,23.66,"Alpha","auth","baja","failed"
11.63,8.53,124,3,75.4,9.85,"Delta","api","alta","success"
14.65,30.08,147,1,100,4.66,"Delta","api","alta","success"
10.75,23.15,140,4,79.51,22.21,"Alpha","analytics","baja","success"
17.67,11.9,164,4,74.17,16.72,"Gamma","database","baja","success"
20.3,13.98,156,0,92.63,1.48,"Alpha","analytics","media","rolled_back"
10.12,5.68,154,4,76.62,9.97,"Gamma","api","baja","failed"
19.85,22.76,150,2,71.56,28.43,"Alpha","api","baja","success"
16.65,8.43,145,2,55.72,1.41,"Alpha","database","media","success"
7.93,15.64,176,1,83.95,25.97,"Delta","auth","alta","failed"
11.71,4.79,159,2,62.93,2.22,"Alpha","ui","alta","failed"
15.01,14.95,165,2,89.49,NA,"Gamma","database","media","success"
24.59,7.54,130,0,66.37,74.99,"Gamma","analytics","alta","success"
12.69,19.9,158,3,81.52,54.23,"Gamma","analytics","baja","success"
9.35,12.22,163,1,72.37,5.56,"Alpha","api","media","success"
20.96,26.61,154,2,73.95,30.06,"Beta","ui","media","success"
5.97,6.16,136,1,91.63,9.39,"Alpha","api","alta","failed"
9.93,12.67,149,2,67.83,56.36,"Beta","database","baja","success"
5.8,6.61,154,1,72.89,20.76,"Gamma","database","baja","success"
44.73,3.95,148,2,74.32,2.89,"Alpha","auth","baja","success"
21.03,37.94,167,0,74.95,1.63,"Gamma","auth","crítica","success"
9.6,9.84,149,2,62.31,7.62,"Delta","ui","baja","success"
15.1,27.49,137,1,78.54,35.76,"Beta","ui","baja","success"
17.84,10.35,122,3,94.44,5.61,"Delta","analytics","baja","success"
13.8,5.72,178,3,99.27,8.23,"Delta","analytics","baja","failed"
12.14,18.24,157,2,92.72,70.81,"Beta","ui","baja","success"
8.32,8.84,156,2,81.81,28.26,"Alpha","ui","alta","success"
6.21,7.13,140,6,77.48,0.53,"Alpha","analytics","alta","success"
29.02,33.45,139,2,77.55,5.41,"Gamma","api","media","success"
6.38,12.49,177,0,85.78,9.72,"Gamma","database","media","success"
14.5,11.87,137,0,75.35,9.87,"Gamma","auth","alta","success"
10.68,19.93,156,4,85.61,13.47,"Gamma","auth","baja","failed"
37.1,25.67,136,2,90.72,2.35,"Alpha","database","baja","success"
13.54,73.3,165,3,77.78,27.33,"Beta","database","media","success"
24.01,14.89,140,1,72.83,0.98,"Delta","api","crítica","success"
9.62,30.27,142,1,64.85,67.06,"Alpha","auth","media","success"
12.37,16.2,158,3,87.63,10.17,"Beta","api","alta","success"
19.78,7.89,167,1,67.25,16.31,"Beta","database","baja","failed"
4.2,8.37,151,4,100,67.15,"Gamma","database","alta","success"
5.95,2.96,149,5,84.73,93.66,"Gamma","api","crítica","success"
11.05,6.32,154,3,49.22,36.62,"Delta","analytics","baja","success"
19.44,9.58,170,2,78.87,17.17,"Delta","database","media","success"
6.03,7.03,161,4,61.93,17.66,"Delta","analytics","crítica","success"
22.01,33.91,145,2,98.98,31.94,"Beta","database","media","success"
3.7,15.03,134,2,84.23,4.23,"Alpha","ui","crítica","success"
19.5,5.38,162,3,76.78,1.33,"Beta","api","baja","success"
11.99,7.46,152,1,64.66,9.56,"Delta","api","baja","success"
34.28,10.8,159,2,58.35,56.45,"Gamma","analytics","baja","success"
41.31,22.84,151,1,82.94,3.78,"Delta","database","baja","success"
28.68,9.88,161,2,59.53,5.58,"Delta","auth","alta","success"
9.85,24.66,146,2,73.86,9.29,"Delta","database","media","success"
12.76,22.54,161,1,69.15,20.02,"Alpha","ui","media","success"
9.38,10.95,145,0,95.2,7.69,"Gamma","analytics","baja","success"
3.81,3.73,150,4,53.12,26.74,"Gamma","database","baja","success"
4.33,18.07,158,3,82.4,25.87,"Alpha","api","baja","success"
12.61,4.93,155,1,68.82,137.85,"Delta","api","media","success"
11.41,18.59,146,2,66.37,7.07,"Gamma","ui","baja","success"
7.37,4.76,150,2,73.19,18.57,"Gamma","ui","baja","success"
5.64,11.62,147,2,85.11,29,"Gamma","api","baja","success"
4.67,39.04,137,2,78.04,33.86,"Alpha","database","alta","success"
21.93,7.12,158,4,82.3,20.8,"Beta","ui","media","success"
20.68,36.94,157,8,92.17,18.31,"Gamma","ui","crítica","success"
8.99,36.39,147,6,70.8,25.2,"Delta","analytics","baja","success"
18.54,42.81,161,1,90.69,16.8,"Delta","api","crítica","success"
5.23,68.27,139,1,69.38,36.81,"Alpha","database","baja","success"
8.6,19.79,159,1,74.39,7.59,"Delta","analytics","media","success"
11.25,13.99,152,3,84.93,1.25,"Alpha","api","media","success"
16.29,16.1,134,1,63.83,3.78,"Beta","api","baja","rolled_back"
18.78,10.22,136,1,74.39,18.74,"Delta","ui","alta","success"
24.16,23.24,183,1,75.55,51.63,"Delta","ui","media","success"
9.62,12,134,0,96.05,19.3,"Alpha","ui","baja","failed"
9.82,6.67,149,2,82.73,44.9,"Alpha","api","crítica","failed"
6.3,4.84,149,0,66.89,22.98,"Delta","database","media","rolled_back"
11.82,8.52,149,4,64.72,12.08,"Alpha","database","crítica","success"
10.52,6.21,122,2,100,8.83,"Gamma","database","media","success"
9.26,18.79,151,1,70.55,14.63,"Gamma","auth","baja","success"
5.26,24.38,156,1,65.83,154.75,"Alpha","api","crítica","success"
8.17,10.07,137,3,66.45,24.67,"Alpha","analytics","baja","success"
5.6,27.56,153,2,87.97,18.05,"Beta","ui","media","success"
8.67,16.37,146,3,71.43,9.28,"Beta","database","baja","success"
18.39,39.65,165,1,84.95,4.76,"Alpha","ui","baja","success"
3.15,4.8,143,3,71.99,50.21,"Alpha","api","alta","success"
19.84,28.95,182,1,NA,0.6,"Delta","database","baja","success"
18.91,2.86,165,0,80.74,64.2,"Alpha","api","baja","success"
3.84,2.59,160,1,52.55,5.41,"Beta","database","media","success"
12.95,16.11,153,2,55.57,9.19,"Gamma","auth","media","success"
24.54,14.87,136,2,85.28,59.12,"Gamma","api","baja","success"
22.25,25.32,176,4,59.26,30.76,"Beta","api","media","success"
5.61,8.09,123,1,64.88,5.6,"Beta","analytics","alta","success"
5.88,29.09,174,1,85.66,1.21,"Delta","api","baja","failed"
7.98,6.05,158,1,56.72,2.29,"Delta","analytics","media","success"
34.86,19.74,157,2,56.56,12.68,"Gamma","analytics","baja","failed"
17.31,22.92,152,1,88.2,2.28,"Alpha","analytics","media","failed"
14.06,4.98,146,1,90.6,7.23,"Alpha","auth","baja","success"
2.57,12.77,157,5,52.55,36.58,"Beta","api","alta","failed"
14.23,6.75,145,1,81.45,18.01,"Gamma","ui","alta","success"
23.61,30.17,148,5,92.04,99.86,"Alpha","database","baja","rolled_back"
3.06,21.68,163,5,90.77,23.41,"Beta","database","crítica","success"
10.73,22.02,144,2,52.55,2.4,"Gamma","ui","baja","success"
33.2,10.27,165,1,79.38,64.07,"Gamma","ui","baja","failed"
17.68,24.87,159,1,70.07,57.62,"Alpha","database","baja","failed"
51.14,19.9,147,2,65.14,13.83,"Gamma","ui","baja","success"
16.27,19.25,161,3,65.02,15.62,"Delta","ui","baja","success"
17.14,6.13,156,3,63.89,37.8,"Beta","auth","alta","success"
9.51,20.4,140,2,73.74,17.92,"Beta","database","baja","failed"
34.64,14.13,148,1,77.8,5.3,"Alpha","ui","alta","success"
12.61,12.02,155,0,67.43,3.2,"Beta","analytics","media","success"
6.42,1.96,159,3,82.11,13.57,"Beta","auth","alta","success"
10.28,13.81,147,1,73.65,5.65,"Alpha","auth","alta","success"
15.11,7.72,148,1,66.93,7.96,"Beta","auth","baja","rolled_back"
12.56,7.91,170,0,77.33,2.68,"Beta","database","baja","success"
10.96,2.24,144,2,61.12,39.24,"Alpha","analytics","media","success"
21.28,18.09,162,0,83.21,8.84,"Delta","analytics","crítica","success"
6.81,4.12,150,2,73.53,11.7,"Alpha","auth","alta","success"
8.18,17.06,155,5,67.48,5.31,"Delta","analytics","alta","success"
5.93,30.87,155,1,82.02,95.06,"Alpha","api","media","rolled_back"
11.01,1.71,153,2,60.48,7.02,"Beta","analytics","alta","success"
9.71,23.7,150,7,67.48,23.37,"Delta","api","baja","success"
28.93,5.14,149,1,79.22,10.34,"Beta","database","baja","failed"
8.58,20.3,133,0,69.53,6.73,"Beta","auth","baja","success"
4.5,18.95,138,0,60.21,11.35,"Gamma","api","media","success"
8.03,48.48,140,1,86.97,1.13,"Alpha","database","alta","success"
39.44,21.19,161,1,99.1,43.33,"Alpha","ui","baja","success"
13.48,6.2,164,2,76.05,50.2,"Beta","auth","baja","success"
23.93,13.92,106,0,93.67,20.9,"Beta","auth","baja","failed"
5.96,18.45,145,4,81.75,32.07,"Beta","auth","alta","success"
17.75,38.92,157,0,69.61,20.25,"Alpha","auth","crítica","success"
9.49,94.63,134,4,68.23,22.45,"Alpha","database","baja","success"
16.35,21.97,142,2,79.48,11.51,"Delta","auth","baja","success"
5.61,29.73,140,2,60.8,16.1,"Delta","auth","media","success"
1.53,12.84,133,2,79.35,20.33,"Alpha","analytics","baja","success"
20.47,8.19,123,3,60.1,4.23,"Delta","auth","baja","success"
18.48,3.9,146,5,100,1.55,"Delta","database","alta","failed"
15.17,20.13,161,3,76.1,5.22,"Delta","auth","alta","success"
4.96,7.22,146,2,66.81,25.12,"Alpha","ui","alta","success"
9.24,1.79,168,2,68.64,4.81,"Gamma","ui","media","success"
9.54,18.76,141,1,80.44,4.44,"Alpha","auth","media","success"
41.21,13.6,150,2,74.55,7.21,"Alpha","api","baja","success"
13.97,56.89,148,3,77.97,14.57,"Gamma","database","baja","success"
4.85,35.64,142,1,71.47,15.12,"Alpha","auth","media","success"
10.3,22.28,165,5,71.67,20.97,"Alpha","analytics","media","success"
17.22,35.29,148,1,90.04,12.2,"Alpha","ui","baja","success"
43.92,20.68,143,2,75.63,0.77,"Delta","database","baja","success"
16.09,2.67,140,1,80.78,NA,"Alpha","database","baja","success"
8.98,17.06,162,4,58.26,68.56,"Delta","analytics","media","success"
18.41,6.54,151,2,81.43,20.92,"Delta","database","baja","success"
17.69,8.65,113,0,61.52,20.17,"Delta","api","media","success"
7.78,7.76,136,3,70.41,8.79,"Alpha","api","baja","success"
7.47,22.94,121,2,76.38,6.83,"Delta","analytics","baja","success"
33.28,3.25,158,3,69.35,2.55,"Alpha","ui","crítica","failed"
16.02,40.21,128,1,87.93,26.51,"Gamma","api","media","failed"
7.01,5.88,154,0,66.49,10.19,"Delta","analytics","media","success"
14.92,9.9,157,2,79.25,21.25,"Gamma","api","baja","rolled_back"
23.34,6.12,160,0,72.17,4.81,"Alpha","analytics","media","success"
9.29,22.44,155,1,90.62,7.99,"Alpha","ui","media","success"
6.75,20.09,128,2,84.36,52.63,"Beta","database","media","success"
23.29,36.01,149,5,73.88,2.3,"Gamma","database","media","success"
10,25.38,152,1,59.4,27.49,"Beta","auth","baja","success"
1.98,25.52,169,3,69.8,7.89,"Beta","analytics","alta","failed"
9.97,32.36,165,0,59.8,2.29,"Gamma","database","media","success"
2.26,38.11,152,1,73.61,4.57,"Gamma","api","alta","success"
21.45,3.92,148,0,96.17,8.57,"Beta","auth","media","success"
24.85,27.55,150,0,70.69,3.16,"Gamma","analytics","media","success"
15.81,46.06,151,0,83.31,51.32,"Beta","ui","baja","success"
6.96,13.01,153,1,83.97,1.77,"Delta","database","media","success"
5.7,13.41,121,4,81.4,13.21,"Alpha","ui","media","failed"
17.58,48.75,127,3,56.83,9.51,"Gamma","api","baja","rolled_back"
7.67,9.72,165,1,81.81,15.91,"Gamma","api","alta","success"
6.66,4.26,156,1,79.17,27.54,"Alpha","database","baja","success"
16.11,20.02,138,2,73.54,3.84,"Gamma","auth","media","success"
22.48,21.69,168,2,62.84,10.26,"Gamma","auth","media","success"
14.37,63.49,150,4,84.83,27.85,"Beta","analytics","baja","failed"
5.39,15.67,133,3,63.08,38.2,"Alpha","database","baja","success"
19.9,17.15,160,0,77.86,10.12,"Delta","auth","alta","success"
4.79,46.98,137,3,61.65,16.25,"Beta","ui","baja","success"
2.63,32.39,164,0,70.14,45.42,"Delta","ui","media","success"
17.79,52.08,151,3,46.34,14.19,"Delta","analytics","crítica","success"
16.9,11.18,168,1,67.03,2.74,"Delta","database","baja","success"
8.6,32.83,163,0,92.05,11.28,"Alpha","api","alta","success"
23.01,20.06,159,2,87.51,6.18,"Beta","ui","alta","success"
20.61,24.49,130,4,67.44,0.37,"Gamma","ui","media","success"
18.1,30.51,136,1,100,3.28,"Gamma","ui","baja","success"
18.87,4.31,143,2,60.92,46.06,"Delta","auth","alta","failed"
9.1,29.52,141,0,79.16,3.09,"Alpha","ui","baja","success"
25.85,33.52,139,2,81.69,2.71,"Gamma","api","media","success"
5,10.12,125,2,55.92,10.96,"Alpha","api","baja","success"
6.72,7.39,158,2,82.34,23.49,"Gamma","database","media","success"
3.35,37.84,151,2,89.72,7.15,"Delta","database","baja","success"
16.92,33.54,146,1,91.92,34.84,"Alpha","api","media","success"
9.72,16.11,145,3,100,8.99,"Alpha","analytics","media","success"
7.01,22.31,159,3,70.08,33.13,"Beta","analytics","baja","success"
21.93,30.15,152,3,83.36,13.31,"Alpha","database","baja","success"
15.32,38.58,156,3,83.06,22.39,"Delta","ui","baja","success"
14.67,25.96,146,2,84.85,21.28,"Beta","database","media","failed"
5.39,8.14,140,4,63.73,4.62,"Delta","analytics","media","failed"
20.56,4.17,143,0,99.79,4.32,"Alpha","api","crítica","success"
11.1,10.97,143,1,73.51,3.23,"Beta","ui","baja","success"
45.64,7.2,150,1,57.03,8.99,"Delta","database","media","success"
33.62,10.12,168,4,72.94,25.17,"Alpha","api","baja","success"
16.43,16.59,160,4,81.58,28.65,"Gamma","api","media","success"
10.83,12.57,145,2,60.61,14.11,"Beta","api","baja","success"
14.82,12.35,145,2,99.12,8.29,"Alpha","auth","crítica","success"
9.3,24.34,146,2,63.84,43.98,"Alpha","ui","media","success"
1.71,16.03,159,1,32.12,5.4,"Gamma","auth","media","success"
20.17,11.2,152,3,73.92,7.9,"Alpha","auth","baja","success"
29.83,14.42,139,1,83.17,1.03,"Gamma","api","media","success"
21.94,23.25,128,0,87.16,4.66,"Alpha","database","crítica","success"
40.25,2.58,143,2,74.89,4.63,"Alpha","analytics","media","failed"
7.41,36.15,148,2,81.72,32.54,"Alpha","api","alta","success"
13.58,35.25,126,5,57.26,7.36,"Beta","auth","media","success"
9.54,12.96,147,3,86.43,71.8,"Alpha","ui","media","success"
36.39,21.04,149,3,83.49,0.98,"Beta","ui","media","success"
9.98,5.06,158,1,88.67,5.07,"Gamma","auth","baja","rolled_back"
3.36,39.92,147,3,86.75,6.06,"Alpha","analytics","alta","success"
16.56,36.6,163,2,79.51,33.35,"Delta","ui","baja","success"
4.75,31.27,168,1,68.24,14.07,"Gamma","api","alta","failed"
11.86,2.41,175,1,80.69,7.69,"Gamma","database","media","success"
10.77,10.38,159,2,74.46,13.76,"Delta","auth","crítica","success"
22.4,9.67,144,3,92.25,39.13,"Alpha","analytics","media","success"
28.69,47.29,135,3,96.26,7.48,"Delta","api","baja","success"
7.37,24.72,151,6,83.83,20.34,"Beta","ui","alta","success"
2.06,0.81,144,1,68.08,95.08,"Alpha","database","baja","success"
6.43,4.75,158,5,84.69,28.58,"Delta","ui","media","success"
24.92,3.43,144,2,78.82,32.01,"Alpha","api","media","success"
9.81,14.51,143,6,81.63,26.34,"Beta","analytics","media","success"
7.4,5.88,160,1,73.08,2.75,"Alpha","analytics","media","success"
21.14,5.09,124,0,42.44,3.98,"Alpha","database","baja","success"
8.84,41.16,156,3,83.24,34.83,"Delta","database","baja","success"
8.35,17.66,146,2,79.4,33.7,"Delta","analytics","baja","success"
26.23,12.56,148,5,67.57,66.32,"Delta","api","media","success"
17.47,36.85,163,3,82.39,8.14,"Beta","database","crítica","success"
28.44,22.88,137,2,86.85,19.51,"Beta","analytics","media","success"
10.76,25.82,162,2,63.97,25.53,"Beta","api","baja","success"
7.12,17.27,159,1,57.37,0.14,"Alpha","ui","baja","success"
23.65,19.38,139,2,78.2,7.92,"Gamma","analytics","alta","success"
9.82,12.28,137,3,68.57,9.37,"Beta","ui","baja","success"
18.18,4.65,138,2,70.84,14.02,"Alpha","auth","crítica","rolled_back"
9.23,27.33,153,2,64.46,14.34,"Beta","database","media","success"
22.25,18.21,148,1,76.65,14.75,"Delta","database","baja","success"
8.53,23.6,150,3,59.14,0.94,"Alpha","analytics","baja","success"
14.59,35.2,147,0,98.58,42.31,"Beta","api","alta","success"
29.32,33.09,144,2,66.89,7.15,"Alpha","api","baja","rolled_back"
11.07,0.79,145,1,66.26,153.14,"Delta","database","media","success"
19.42,12.09,158,0,62.38,17.84,"Delta","api","baja","success"
19.11,38.75,140,5,62.06,8.41,"Gamma","ui","media","success"
34.82,1.56,148,3,50.12,46.61,"Delta","api","media","success"
26.65,13.45,150,3,80.36,46.89,"Beta","ui","baja","success"
12.68,2.1,180,1,91.8,2.46,"Delta","api","baja","failed"
3.77,17.03,147,2,73.65,49.37,"Beta","analytics","media","rolled_back"
32.2,3.65,147,4,60.13,3.8,"Alpha","api","baja","success"
8.06,10.27,142,3,85.69,5.86,"Beta","api","baja","success"
12.41,1.21,129,2,88.82,16.51,"Beta","ui","baja","failed"
25.43,12.45,142,2,85.96,6.35,"Alpha","api","baja","success"
12.84,40.45,164,2,92.1,2.93,"Alpha","auth","media","success"
7.69,14.06,135,2,58.15,1.79,"Delta","analytics","baja","success"
9.26,22.62,143,2,65.51,18.75,"Alpha","analytics","baja","success"
26.06,32.34,150,1,92.86,33.42,"Gamma","analytics","alta","success"
16.45,10.51,152,0,74.65,2.4,"Gamma","database","media","success"
27.27,10.64,156,2,70.5,1.46,"Delta","auth","alta","success"
13.68,5.11,170,3,76.58,20.74,"Beta","api","media","failed"
9.7,7.09,169,3,100,4.45,"Alpha","api","crítica","success"
2.16,17.03,148,1,45.46,7.33,"Beta","api","alta","success"
24.14,6.19,158,1,80.02,20.23,"Alpha","api","baja","success"
11.29,21.12,170,2,72.98,30.41,"Alpha","analytics","media","rolled_back"
18.04,47.08,168,1,70.54,9.03,"Beta","api","alta","success"
6.58,46.2,129,2,84.92,38.72,"Gamma","auth","baja","success"
28.23,44.21,155,2,84.99,15.41,"Alpha","ui","media","success"
3.7,22.33,161,1,88.58,6.14,"Delta","analytics","media","success"
5.68,19.12,158,0,70.62,41.5,"Beta","auth","media","success"
16.2,6.52,171,1,100,35.41,"Delta","analytics","media","success"
13.38,3.12,125,0,100,0.33,"Beta","database","baja","failed"
13.26,34.47,176,3,67.23,3.86,"Gamma","auth","baja","failed"
7.29,11.54,167,0,80.19,2,"Alpha","analytics","alta","success"
18.67,3.17,142,0,66.26,23.87,"Alpha","ui","crítica","success"
28.07,22.49,165,3,73.58,0.55,"Delta","auth","baja","success"
8.88,2.8,159,0,68.61,6.87,"Alpha","api","media","success"
14.62,38.1,155,2,98.33,37.96,"Delta","database","alta","success"
8.08,6.49,158,2,71.68,40.53,"Delta","analytics","baja","success"
6,15.77,149,2,79,60.1,"Beta","ui","baja","failed"
11.66,56.35,160,1,66.24,1.91,"Beta","ui","media","success"
20.55,6.86,149,5,69.39,75.93,"Gamma","ui","baja","success"
14.16,16.16,147,1,72.13,55.55,"Alpha","analytics","baja","failed"
18.25,7.63,145,2,59.72,1.3,"Gamma","database","baja","failed"
16.78,16.19,150,1,71.41,32.34,"Gamma","auth","baja","success"
20.13,19.2,149,3,86.98,2.37,"Alpha","ui","media","success"
6.63,19.48,180,3,70.53,10.58,"Delta","analytics","crítica","success"
5.53,52.83,151,2,57.61,14.45,"Gamma","analytics","alta","success"
5.59,28.95,131,6,73.71,7.77,"Delta","analytics","media","success"
12.52,8.32,166,5,67.07,8.14,"Beta","api","media","success"
13.68,22.47,135,0,61.18,33.28,"Gamma","api","media","success"
16.16,25.23,132,2,71.46,8.24,"Alpha","ui","media","success"
13.59,9.11,152,1,66.37,0.33,"Delta","auth","media","success"
8.74,23.74,152,2,73.7,5.27,"Alpha","analytics","media","success"
6.6,35.61,165,2,77.09,3.93,"Beta","api","baja","success"
15.98,18.27,152,2,83.17,29.85,"Delta","analytics","crítica","success"
13.73,40.25,159,2,92.26,39.32,"Beta","api","baja","failed"
24.28,27.54,159,3,72.21,13.88,"Delta","auth","baja","failed"
26.07,10.15,161,0,100,59.23,"Alpha","ui","alta","success"
6.92,21.11,144,6,70.79,21.11,"Gamma","auth","crítica","failed"
24.31,23.55,154,2,59.28,32.31,"Alpha","ui","media","success"
9.88,9.68,172,0,64.57,4.9,"Beta","database","baja","failed"
20.5,21.39,140,2,85.66,3.12,"Alpha","database","media","success"
9.2,22.88,155,3,78.59,13.07,"Delta","auth","alta","success"
3.22,17.45,157,3,NA,5.47,"Gamma","ui","media","success"
11.61,3.34,164,0,89.01,7.99,"Beta","auth","baja","success"
4.86,34.24,132,2,68.07,14.71,"Gamma","auth","crítica","success"
29.02,12.54,140,4,94,27.08,"Delta","analytics","media","success"
45.02,6.5,160,2,86.35,9.36,"Alpha","auth","baja","failed"
17.12,41.6,154,0,73.9,NA,"Alpha","auth","alta","failed"
9.14,20.54,165,0,70.5,13.88,"Gamma","api","media","success"
9.53,6.98,138,0,73.42,6.6,"Beta","auth","crítica","failed"
18.9,12.91,150,1,65.64,4.9,"Beta","ui","media","success"
17.01,12.07,163,2,66.21,10.45,"Beta","api","crítica","success"
12.64,71.36,165,2,93.42,8.27,"Beta","auth","baja","success"
33.62,11.29,151,1,75.55,55.74,"Delta","ui","alta","failed"
11.56,38.27,143,2,83.73,11.94,"Delta","ui","baja","success"
8.61,24.18,131,3,90.9,21.24,"Delta","analytics","media","success"
32.11,15.13,123,3,89.92,7.22,"Delta","auth","alta","success"
4.45,10.45,174,1,74.56,12.17,"Beta","ui","alta","success"
11.69,33.43,139,1,59.98,16.46,"Gamma","analytics","crítica","failed"
14.26,18.86,130,0,82.65,12.51,"Beta","api","baja","success"
14.07,38.06,160,0,62.18,19.08,"Delta","api","crítica","success"
12.35,4.58,158,3,80.96,4.45,"Alpha","api","media","success"
23.27,9.15,148,2,50.69,7.48,"Beta","ui","crítica","success"
13.12,22.71,169,0,97.01,51.81,"Gamma","ui","baja","success"
10.16,24.67,136,1,91.21,45.38,"Delta","api","baja","success"
34.95,8.24,173,1,93.23,38.57,"Alpha","database","baja","success"
6.5,17,171,3,94.2,16.78,"Alpha","auth","baja","success"
5.94,10.12,160,2,57.42,2.42,"Delta","analytics","baja","success"
22.4,61.65,149,1,62.86,70.11,"Beta","api","baja","success"
7.59,27.43,140,3,81.34,25.61,"Alpha","auth","media","failed"
14.17,12.52,156,1,72.94,41.46,"Gamma","auth","crítica","success"
24.07,12.6,170,4,68.82,27.27,"Gamma","database","alta","success"
11.87,28.98,151,2,77.49,18.71,"Delta","api","media","success"
26.18,2.49,140,2,87.22,32.44,"Gamma","auth","baja","success"
10.83,16.5,138,2,75.31,2.55,"Gamma","api","alta","success"
12.62,18.28,149,2,70.55,5.43,"Beta","analytics","media","success"
20.65,39.02,160,2,70.67,57.74,"Delta","ui","baja","rolled_back"
4.43,25.89,152,3,90.65,63.39,"Gamma","database","baja","failed"
7.21,21.31,137,2,65.52,51.26,"Alpha","ui","crítica","success"
19.38,7.95,159,4,70.56,15.01,"Delta","database","media","failed"
22.31,9.69,166,3,74.55,NA,"Alpha","auth","media","success"
13.15,19.01,146,1,38.63,19.35,"Beta","analytics","baja","success"
1.7,22.58,134,3,84.5,72.33,"Beta","ui","crítica","success"
18.13,9.24,173,0,84.47,17.41,"Delta","auth","baja","success"
6.27,32.97,150,2,82.25,18.02,"Gamma","api","media","failed"
5.47,15.83,165,0,59.53,NA,"Gamma","analytics","media","success"
9.26,27.95,148,1,76.09,7.68,"Gamma","api","alta","success"
4.6,46.05,149,3,64.08,1.3,"Beta","database","media","success"
12.4,63.27,160,3,NA,3.55,"Alpha","database","baja","success"
25.57,49.97,152,4,72.5,27.2,"Beta","analytics","alta","success"
5.82,4.15,131,5,66.26,2.48,"Alpha","analytics","baja","success"
11.03,4.2,153,6,41.84,70.67,"Beta","auth","alta","failed"
11.12,11.01,163,0,86.06,2.98,"Beta","auth","baja","failed"
20.59,4.15,139,0,73.94,15.4,"Delta","database","baja","success"
14.94,21.33,171,0,50.58,79.21,"Alpha","database","media","success"
36.32,56.95,142,5,70.48,24.07,"Gamma","auth","alta","success"
13.79,17.18,142,3,83.88,0.99,"Delta","analytics","baja","success"
9.82,2.68,173,0,89.07,38.88,"Gamma","database","alta","success"
25.31,3.28,175,1,75.02,10.93,"Gamma","api","crítica","success"
8.15,24.98,158,0,90.43,4.53,"Beta","ui","media","success"
14.21,7.08,151,4,56.03,9.85,"Gamma","api","media","success"
4.95,25.41,148,1,100,22.17,"Delta","analytics","baja","success"
4.88,12.18,187,5,66.27,1.82,"Beta","database","media","success"
